pos;name;rank;taxid;reads;kmers from reads;kmers;unique kmers;contigs;average contig length;max contig length;reads >=1 kmer;reads bps;avg. read length;db coverage;exp. unique kmers;unique kmers / exp.;db kmers;parent taxid;mean error;kmer error std. dev.;mean class error;class error std. dev.;contig len std. dev.;norm. reads;norm. kmers;norm. reads bps;norm. read >=1 kmer;norm. reads kmers;acc. reads;acc. norm. reads;acc. kmers;acc. norm. kmers;acc. reads bps;acc. norm. reads bps;acc. read >=1 kmer;acc. norm. read >=1 kmer;acc. reads kmers;acc. norm. reads kmers;max contig desc.;acc. mean error;acc. error std. dev.;acc. class mean error;acc. class error std. dev.;
0;TOTAL;;;1115550;0;356771812;0;0;;0;0;390238312;349.81696203666354;;;;505331577;;;;;;;;;;;;;;;;;;;;;;;;;;;
1;root;no rank;1;0;0;0;0;0;;0;0;0;;0.0;0.0;;2891;;;;;;;0.0;0.0;0.0;0.0;0.0;37014;0.2724775440344578;947020;5.9567731426125095;13823436;102.7526248479812;40466;0.2842294663870172;945846;7.06842900283356;;0.9258205149816843;0.07121374484266738;0.925878582781702;0.07110735095441176;
2;cellular organisms;cellular root;131567;33427;731459;743026;39561;59295;12.531005987014082;238;33859;12195831;364.84970233643463;0.29841818222963135;132081.14767524312;0.29952041374800376;132569;1;0.9327011767051256;0.06296212576333005;0.9327011767051256;0.06296212576333005;12.987999957900113;0.2521479380548997;5.6048246573482485;91.99610014407591;0.2554066184402085;5.51757198138328;37014;0.2724775440344578;947020;5.9567731426125095;13823436;102.7526248479812;40466;0.2842294663870172;945846;7.06842900283356;SRR17281105.6114;0.9258205149816843;0.07121374484266738;0.925878582781702;0.07110735095441176;
3;Bacteria;domain;2;381;4008;4052;442;506;8.007905138339922;29;446;166559;437.16272965879267;3.2118241635269027E-4;4046.0419346911594;0.10924256523647191;1376165;131567;0.9730871321168605;0.024026039746605794;0.9730871321168605;0.024026039746605794;6.234361564564259;2.768563362678167E-4;0.002944414368916518;0.12103127168617135;3.2408904455497706E-4;0.0029124414586913635;3587;0.020329605979558078;203994;0.35194848526426326;1627605;10.756524703905216;6607;0.028822847946808793;214387;1.5508570214502797;SRR17281105.275824;0.861700113691063;0.10411107548799095;0.8622993112237812;0.10372735969062093;
4;Bacillati;kingdom;1783272;3;195;5;5;3;1.6666666666666667;2;3;1554;518.0;2.3037440448216442E-5;4.999953925292486;1.0000092150264188;217038;2;0.8785595706876181;0.11902702758212104;0.8785595706876181;0.11902702758212104;0.5773502691896255;1.3822464268929864E-5;2.3037440448216442E-5;0.00716003649130567;1.3822464268929864E-5;8.984601774804412E-4;28;0.0018061195816990866;38;0.003581382214024744;11023;0.6955326446960509;29;0.0018070092527076444;461;0.04950594215639921;SRR17281105.815660;0.9606294661029813;0.058388672368005295;0.9607700735270532;0.05844254886975475;
5;Mycoplasmatota;phylum;544448;2;4;2;2;2;1.0;1;2;490;245.0;3.2621531515661596E-6;1.9999983689378849;1.0000008155317226;613092;1783272;0.9905252952582408;0.001807341499571013;0.9905252952582408;0.001807341499571013;0.0;3.2621531515661596E-6;3.2621531515661596E-6;7.992275221337091E-4;3.2621531515661596E-6;6.524306303132319E-6;25;0.0017922971174301567;33;0.0035583447735765272;9469;0.6883726082047452;26;0.0017931867884387145;266;0.04860748197891877;SRR17281105.138896;0.9704778535528249;0.041373986628909336;0.9706353338677854;0.04142045591425152;
6;Mollicutes;class;31969;0;0;0;0;0;;0;0;0;;0.0;0.0;;52442;544448;;;;;;0.0;0.0;0.0;0.0;0.0;15;0.0017814773545913546;21;0.003544396559665136;6010;0.6848673207615518;16;0.0017823670255999124;248;0.04858796812253018;;0.9549530079740692;0.04772861058320185;0.9552154751656702;0.04788859904959198;
7;Mycoplasmatales;order;2085;0;0;0;0;0;;0;0;0;;0.0;0.0;;220;31969;;;;;;0.0;0.0;0.0;0.0;0.0;15;0.0017814773545913546;21;0.003544396559665136;6010;0.6848673207615518;16;0.0017823670255999124;248;0.04858796812253018;;0.9549530079740692;0.04772861058320185;0.9552154751656702;0.04788859904959198;
8;Mycoplasmataceae;family;2092;0;0;0;0;0;;0;0;0;;0.0;0.0;;92;2085;;;;;;0.0;0.0;0.0;0.0;0.0;15;0.0017814773545913546;21;0.003544396559665136;6010;0.6848673207615518;16;0.0017823670255999124;248;0.04858796812253018;;0.9549530079740692;0.04772861058320185;0.9552154751656702;0.04788859904959198;
9;Mycoplasma;genus;2093;0;0;0;0;0;;0;0;0;;0.0;0.0;;2259605;2092;;;;;;0.0;0.0;0.0;0.0;0.0;15;0.0017814773545913546;21;0.003544396559665136;6010;0.6848673207615518;16;0.0017823670255999124;248;0.04858796812253018;;0.9549530079740692;0.04772861058320185;0.9552154751656702;0.04788859904959198;
10;Mycoplasma crocodyli;species;50052;0;0;0;0;0;;0;0;0;;;0.0;;0;2093;;;;;;;;;;;1;1.1073461342546452E-6;1;1.1073461342546452E-6;346;3.831417624521073E-4;1;1.1073461342546452E-6;44;4.872322990720439E-5;;0.8607594936708861;;0.8607594936708861;;
11;Mycoplasma crocodyli MP145;strain;512564;1;44;1;1;1;1.0;1;1;346;346.0;1.1073461342546452E-6;0.9999999999800724;1.0000000000199276;903060;50052;0.8607594936708861;;0.8607594936708861;;;1.1073461342546452E-6;1.1073461342546452E-6;3.831417624521073E-4;1.1073461342546452E-6;4.872322990720439E-5;1;1.1073461342546452E-6;1;1.1073461342546452E-6;346;3.831417624521073E-4;1;1.1073461342546452E-6;44;4.872322990720439E-5;SRR17281105.335972;0.8607594936708861;;0.8607594936708861;;
12;Mycoplasma suis;species;57372;1;1;1;1;1;1.0;1;1;366;366.0;2.1151486949532552E-6;1.000000000007908;0.9999999999920921;472780;2093;0.9970238095238095;;0.9970238095238095;;;2.1151486949532552E-6;2.1151486949532552E-6;7.741444223528914E-4;2.1151486949532552E-6;2.1151486949532552E-6;1;2.1151486949532552E-6;1;2.1151486949532552E-6;366;7.741444223528914E-4;1;2.1151486949532552E-6;1;2.1151486949532552E-6;SRR17281105.336407;0.9970238095238095;;0.9970238095238095;;
13;Mycoplasma iguanae;species;292461;1;36;1;1;1;1.0;1;1;563;563.0;1.479423439097315E-6;0.9999999999937195;1.0000000000062805;675939;2093;0.9324577861163227;;0.9324577861163227;;;1.479423439097315E-6;1.479423439097315E-6;8.329153962117884E-4;1.479423439097315E-6;5.325924380750334E-5;1;1.479423439097315E-6;1;1.479423439097315E-6;563;8.329153962117884E-4;1;1.479423439097315E-6;36;5.325924380750334E-5;SRR17281105.774575;0.9324577861163227;;0.9324577861163227;;
14;Mycoplasma tauri;species;547987;3;65;6;6;4;1.5;2;4;1564;521.3333333333334;5.338026051346472E-6;5.999986654742288;1.0000022242145659;1124011;2093;0.9531252573240735;0.05987805341485706;0.9531252573240735;0.05987805341485706;0.5773502691896257;2.669013025673236E-6;5.338026051346472E-6;0.0013914454573843139;3.558684034230982E-6;5.782861555625345E-5;3;2.669013025673236E-6;6;5.338026051346472E-6;1564;0.0013914454573843139;4;3.558684034230982E-6;65;5.782861555625345E-5;SRR17281105.82429;0.9531252573240735;0.05987805341485706;0.9531252573240735;0.05987805341485706;
15;Mycoplasma mycoides group;species group;656088;0;0;0;0;0;;0;0;0;;0.0;0.0;;743511;2093;;;;;;0.0;0.0;0.0;0.0;0.0;1;4.6018968098270745E-7;1;4.6018968098270745E-7;230;1.0584362662602271E-4;1;4.6018968098270745E-7;2;9.203793619654149E-7;;0.99;;0.99;;
16;Mycoplasma capricolum;species;2095;0;0;0;0;0;;0;0;0;;0.0;0.0;;360365;656088;;;;;;0.0;0.0;0.0;0.0;0.0;1;4.6018968098270745E-7;1;4.6018968098270745E-7;230;1.0584362662602271E-4;1;4.6018968098270745E-7;2;9.203793619654149E-7;;0.99;;0.99;;
17;Mycoplasma capricolum subsp. capricolum;subspecies;40479;1;2;1;1;1;1.0;1;1;230;230.0;4.6018968098270745E-7;1.0000000000996527;0.9999999999003473;2173017;2095;0.99;;0.99;;;4.6018968098270745E-7;4.6018968098270745E-7;1.0584362662602271E-4;4.6018968098270745E-7;9.203793619654149E-7;1;4.6018968098270745E-7;1;4.6018968098270745E-7;230;1.0584362662602271E-4;1;4.6018968098270745E-7;2;9.203793619654149E-7;SRR17281105.265280;0.99;;0.99;;
18;Mycoplasma miroungigenitalium;species;754515;1;2;1;1;1;1.0;1;1;400;400.0;1.4741913323446424E-6;0.9999999999969655;1.0000000000030345;678338;2093;0.9945945945945946;;0.9945945945945946;;;1.4741913323446424E-6;1.4741913323446424E-6;5.89676532937857E-4;1.4741913323446424E-6;2.9483826646892847E-6;1;1.4741913323446424E-6;1;1.4741913323446424E-6;400;5.89676532937857E-4;1;1.4741913323446424E-6;2;2.9483826646892847E-6;SRR17281105.342914;0.9945945945945946;;0.9945945945945946;;
19;Mycoplasma enhydrae;species;2499220;3;23;4;4;3;1.3333333333333333;2;3;1015;338.3333333333333;4.94096168407738E-6;3.999992588701591;1.0000018528280352;809559;2093;0.9719732625410783;0.022646345535426247;0.9719732625410783;0.022646345535426247;0.5773502691896258;3.7057212630580354E-6;4.94096168407738E-6;0.0012537690273346353;3.7057212630580354E-6;2.8410529683444937E-5;3;3.7057212630580354E-6;4;4.94096168407738E-6;1015;0.0012537690273346353;3;3.7057212630580354E-6;23;2.8410529683444937E-5;SRR17281105.251112;0.9719732625410783;0.022646345535426247;0.9719732625410783;0.022646345535426247;
20;unclassified Mycoplasma;no rank;2683645;1;18;1;1;1;1.0;1;1;231;231.0;1.2179277008886487E-7;1.0000000000207248;0.9999999999792752;8210668;2093;0.9104477611940298;;0.9104477611940298;;;1.2179277008886487E-7;1.2179277008886487E-7;2.8134129890527786E-5;1.2179277008886487E-7;2.1922698615995676E-6;4;0.0017684663210209906;6;0.0035274812726480793;1526;0.6795363845362522;4;0.0017684663210209906;75;0.04839376259285417;SRR17281105.308198;0.9435409690274923;0.05274980881306838;0.9445252209959962;0.053692988374309254;
21;Mycoplasma sp. 21DD0573;species;3108525;2;55;4;4;2;2.0;2;2;767;383.5;0.003518029903254178;3.9947260485984466;1.0013202285556988;1137;2683645;0.9338660895864839;0.06568862338654799;0.9358345935234917;0.06847250835184657;0.0;0.001759014951627089;0.003518029903254178;0.6745822339489885;0.001759014951627089;0.048372911169744945;2;0.001759014951627089;4;0.003518029903254178;767;0.6745822339489885;2;0.001759014951627089;55;0.048372911169744945;SRR17281105.414366;0.9338660895864839;0.06568862338654799;0.9358345935234917;0.06847250835184657;
22;Mycoplasma sp. 1199;species;3108526;1;2;1;1;1;1.0;1;1;528;528.0;9.329576623812812E-6;0.9999999999993368;1.0000000000006632;107186;2683645;0.9959839357429718;;0.9959839357429718;;;9.329576623812812E-6;9.329576623812812E-6;0.004926016457373165;9.329576623812812E-6;1.8659153247625624E-5;1;9.329576623812812E-6;1;9.329576623812812E-6;528;0.004926016457373165;1;9.329576623812812E-6;2;1.8659153247625624E-5;SRR17281105.588791;0.9959839357429718;;0.9959839357429718;;
23;Mycoplasmoidales;order;2790996;0;0;0;0;0;;0;0;0;;0.0;0.0;;52090;544448;;;;;;0.0;0.0;0.0;0.0;0.0;8;7.5576096872358465E-6;10;1.0686060759825296E-5;2969;0.002706059921059767;8;7.5576096872358465E-6;14;1.2989550085455763E-5;;0.994575078586638;0.004196765852552333;0.994575078586638;0.004196765852552333;
24;Mycoplasmoidaceae;family;2790998;0;0;0;0;0;;0;0;0;;0.0;0.0;;2102;2790996;;;;;;0.0;0.0;0.0;0.0;0.0;4;4.2544521275924455E-6;4;4.2544521275924455E-6;1482;0.0015914245860875868;4;4.2544521275924455E-6;8;6.557941453222911E-6;;0.994371576409416;0.004193803687454351;0.994371576409416;0.004193803687454351;
25;Malacoplasma;genus;2791001;0;0;0;0;0;;0;0;0;;0.0;0.0;;3332;2790998;;;;;;0.0;0.0;0.0;0.0;0.0;2;1.5585941169737919E-6;2;1.5585941169737919E-6;704;5.05905936488126E-4;2;1.5585941169737919E-6;6;3.862083442604257E-6;;0.991841051597794;0.005021382294460694;0.991841051597794;0.005021382294460694;
26;Malacoplasma iowae;species;2116;1;5;1;1;1;1.0;1;1;457;457.0;5.758723314076163E-7;0.9999999999458957;1.0000000000541043;1736496;2791001;0.9882903981264637;;0.9882903981264637;;;5.758723314076163E-7;5.758723314076163E-7;2.6317365545328064E-4;5.758723314076163E-7;2.8793616570380814E-6;1;5.758723314076163E-7;1;5.758723314076163E-7;457;2.6317365545328064E-4;1;5.758723314076163E-7;5;2.8793616570380814E-6;SRR17281105.203735;0.9882903981264637;;0.9882903981264637;;
27;Malacoplasma muris;species;2119;1;1;1;1;1;1.0;1;1;247;247.0;9.827217855661755E-7;1.0000000000486475;0.9999999999513525;1017582;2791001;0.9953917050691244;;0.9953917050691244;;;9.827217855661755E-7;9.827217855661755E-7;2.4273228103484536E-4;9.827217855661755E-7;9.827217855661755E-7;1;9.827217855661755E-7;1;9.827217855661755E-7;247;2.4273228103484536E-4;1;9.827217855661755E-7;1;9.827217855661755E-7;SRR17281105.1072751;0.9953917050691244;;0.9953917050691244;;
28;Mycoplasmoides;genus;2995234;0;0;0;0;0;;0;0;0;;0.0;0.0;;43815;2790998;;;;;;0.0;0.0;0.0;0.0;0.0;2;2.695858010618653E-6;2;2.695858010618653E-6;778;0.0010855186495994608;2;2.695858010618653E-6;2;2.695858010618653E-6;;0.9969021012210381;0.0013912097865126773;0.9969021012210381;0.0013912097865126773;
29;Mycoplasmoides genitalium;species;2097;1;1;1;1;1;1.0;1;1;503;503.0;1.5094635819268906E-6;0.9999999999859843;1.0000000000140157;662487;2995234;0.9978858350951374;;0.9978858350951374;;;1.5094635819268906E-6;1.5094635819268906E-6;7.59260181709226E-4;1.5094635819268906E-6;1.5094635819268906E-6;1;1.5094635819268906E-6;1;1.5094635819268906E-6;503;7.59260181709226E-4;1;1.5094635819268906E-6;1;1.5094635819268906E-6;SRR17281105.1041836;0.9978858350951374;;0.9978858350951374;;
30;[Mycoplasma] imitans;species;29560;0;0;0;0;0;;0;0;0;;;0.0;;0;2995234;;;;;;;;;;;1;1.1863944286917628E-6;1;1.1863944286917628E-6;275;3.262584678902348E-4;1;1.1863944286917628E-6;1;1.1863944286917628E-6;;0.9959183673469387;;0.9959183673469387;;
31;Mycoplasma imitans ATCC 51306;strain;1399794;1;1;1;1;1;1.0;1;1;275;275.0;1.1863944286917628E-6;1.000000000005492;0.999999999994508;842890;29560;0.9959183673469387;;0.9959183673469387;;;1.1863944286917628E-6;1.1863944286917628E-6;3.262584678902348E-4;1.1863944286917628E-6;1.1863944286917628E-6;1;1.1863944286917628E-6;1;1.1863944286917628E-6;275;3.262584678902348E-4;1;1.1863944286917628E-6;1;1.1863944286917628E-6;SRR17281105.804836;0.9959183673469387;;0.9959183673469387;;
32;Metamycoplasmataceae;family;2895623;0;0;0;0;0;;0;0;0;;0.0;0.0;;130176;2790996;;;;;;0.0;0.0;0.0;0.0;0.0;4;3.303157559643402E-6;6;6.431608632232852E-6;1487;0.0011146353349721805;4;3.303157559643402E-6;6;6.431608632232852E-6;;0.9947785807638598;0.004837169701146719;0.9947785807638598;0.004837169701146719;
33;Metamycoplasma;genus;2895509;0;0;0;0;0;;0;0;0;;0.0;0.0;;82098;2895623;;;;;;0.0;0.0;0.0;0.0;0.0;4;3.303157559643402E-6;6;6.431608632232852E-6;1487;0.0011146353349721805;4;3.303157559643402E-6;6;6.431608632232852E-6;;0.9947785807638598;0.004837169701146719;0.9947785807638598;0.004837169701146719;
34;Metamycoplasma hominis;species;2098;1;1;1;1;1;1.0;1;1;500;500.0;3.0062484874812296E-7;1.0000000001474574;0.9999999998525426;3326405;2895509;0.997872340425532;;0.997872340425532;;;3.0062484874812296E-7;3.0062484874812296E-7;1.503124243740615E-4;3.0062484874812296E-7;3.0062484874812296E-7;1;3.0062484874812296E-7;1;3.0062484874812296E-7;500;1.503124243740615E-4;1;3.0062484874812296E-7;1;3.0062484874812296E-7;SRR17281105.73598;0.997872340425532;;0.997872340425532;;
35;Metamycoplasma salivarium;species;2124;1;1;1;1;1;1.0;1;1;423;423.0;9.07388318645741E-7;0.9999999999429097;1.0000000000570903;1102064;2895509;0.9974554707379135;;0.9974554707379135;;;9.07388318645741E-7;9.07388318645741E-7;3.8382525878714847E-4;9.07388318645741E-7;9.07388318645741E-7;1;9.07388318645741E-7;1;9.07388318645741E-7;423;3.8382525878714847E-4;1;9.07388318645741E-7;1;9.07388318645741E-7;SRR17281105.747232;0.9974554707379135;;0.9974554707379135;;
36;Metamycoplasma cloacale;species;92401;1;3;3;3;1;3.0;3;1;272;272.0;4.692676608884175E-6;2.999995307408894;1.000001564199482;639294;2895509;0.987603305785124;;0.987603305785124;;;1.5642255362947252E-6;4.692676608884175E-6;4.254693458721652E-4;1.5642255362947252E-6;4.692676608884175E-6;1;1.5642255362947252E-6;3;4.692676608884175E-6;272;4.254693458721652E-4;1;1.5642255362947252E-6;3;4.692676608884175E-6;SRR17281105.622308;0.987603305785124;;0.987603305785124;;
37;Metamycoplasma equirhinis;species;92402;1;1;1;1;1;1.0;1;1;292;292.0;5.309188559548125E-7;1.0000000000660534;0.9999999999339466;1883527;2895509;0.9961832061068703;;0.9961832061068703;;;5.309188559548125E-7;5.309188559548125E-7;1.5502830593880522E-4;5.309188559548125E-7;5.309188559548125E-7;1;5.309188559548125E-7;1;5.309188559548125E-7;292;1.5502830593880522E-4;1;5.309188559548125E-7;1;5.309188559548125E-7;SRR17281105.671886;0.9961832061068703;;0.9961832061068703;;
38;Pseudomonadati;kingdom;3379134;17;215;643;623;97;6.628865979381444;71;69;6868;404.0;0.0014247196869733054;642.5282138208485;0.9696072275103341;437279;2;0.9650825159655118;0.02520070730908146;0.9650825159655118;0.02520070730908146;10.278739777274971;3.88767811854674E-5;0.001470457076603267;0.01570621959892883;1.5779399422336768E-4;4.916769385220878E-4;3178;0.018246630061591173;199904;0.34542268868132203;1450023;9.939960787522992;6132;0.02669174964954617;209918;1.4984386378351895;SRR17281105.756060;0.8474746650165002;0.10178362954275715;0.8481497388182577;0.10143348827548589;
39;Pseudomonadota;phylum;1224;0;0;68;66;22;3.090909090909091;21;22;0;;1.6697574044886114E-4;67.99423712783542;0.9706704977940106;395267;3379134;;;;;4.275167397547876;0.0;1.720356113715539E-4;0.0;5.565858014962038E-5;0.0;2709;0.014121880547834925;157641;0.26620884354138263;1148566;6.015511572721839;4933;0.01984964769565958;167731;0.8125340597006179;SRR17281105.177338;0.8448606902862924;0.10316269905417268;0.8454344208915242;0.10287482214938823;
40;Gammaproteobacteria;class;1236;2;3;3;3;2;1.5;2;2;608;304.0;7.16157955798731E-6;2.999992838433123;1.0000023871946577;418902;1224;0.9935209235209235;0.005122187650188424;0.9935209235209235;0.005122187650188424;0.7071067811865476;4.7743863719915395E-6;7.16157955798731E-6;0.001451413457085428;4.7743863719915395E-6;7.16157955798731E-6;4;7.957558849009034E-6;5;1.0344752035004804E-5;1479;0.0028376850708265473;4;7.957558849009034E-6;25;4.2176476805179755E-5;SRR17281105.824434;0.9827504800316852;0.0151335821187605;0.9827504800316852;0.0151335821187605;
41;Thiotrichales;order;72273;0;0;0;0;0;;0;0;0;;0.0;0.0;;28762;1236;;;;;;0.0;0.0;0.0;0.0;0.0;2;3.183172477017495E-6;2;3.183172477017495E-6;871;0.001386271613741119;2;3.183172477017495E-6;22;3.5014897247192445E-5;;0.9719800365424469;0.014029586775549835;0.9719800365424469;0.014029586775549835;
42;Francisellaceae;family;34064;0;0;0;0;0;;0;0;0;;0.0;0.0;;883312;72273;;;;;;0.0;0.0;0.0;0.0;0.0;2;3.183172477017495E-6;2;3.183172477017495E-6;871;0.001386271613741119;2;3.183172477017495E-6;22;3.5014897247192445E-5;;0.9719800365424469;0.014029586775549835;0.9719800365424469;0.014029586775549835;
43;Francisella;genus;262;0;0;0;0;0;;0;0;0;;0.0;0.0;;9693010;34064;;;;;;0.0;0.0;0.0;0.0;0.0;2;3.183172477017495E-6;2;3.183172477017495E-6;871;0.001386271613741119;2;3.183172477017495E-6;22;3.5014897247192445E-5;;0.9719800365424469;0.014029586775549835;0.9719800365424469;0.014029586775549835;
44;Francisella salimarina;species;2599927;2;22;2;2;2;1.0;1;2;871;435.5;3.183172477017495E-6;1.9999984083337896;1.0000007958337385;628304;262;0.9719800365424469;0.014029586775549835;0.9719800365424469;0.014029586775549835;0.0;3.183172477017495E-6;3.183172477017495E-6;0.001386271613741119;3.183172477017495E-6;3.5014897247192445E-5;2;3.183172477017495E-6;2;3.183172477017495E-6;871;0.001386271613741119;2;3.183172477017495E-6;22;3.5014897247192445E-5;SRR17281105.185295;0.9719800365424469;0.014029586775549835;0.9719800365424469;0.014029586775549835;
45;Alphaproteobacteria;class;28211;0;0;58;45;11;5.2727272727272725;15;10;0;;5.147445723044543E-4;57.98109575298953;0.7761150322461745;87422;1224;;;;;5.100802075966271;0.0;6.634485598590743E-4;0.0;1.1438768273432317E-4;0.0;2705;0.014113922988985917;157568;0.26602646317797607;1147087;6.012673887651012;4907;0.019786031556660953;167706;0.8124918832238126;SRR17281105.306603;0.8446567867155043;0.10310122974770632;0.8452313657208919;0.10281389160156852;
46;Hyphomicrobiales;order;356;0;0;0;0;0;;0;0;0;;0.0;0.0;;91192;28211;;;;;;0.0;0.0;0.0;0.0;0.0;3;3.197600105688244E-4;6;0.0011959282348678896;1033;0.12051777041276353;3;3.197600105688244E-4;11;0.0013342369953447783;;0.9890438606719861;0.00668883958249861;0.9890438606719861;0.00668883958249861;
47;Bartonellaceae;family;772;0;0;0;0;0;;0;0;0;;0.0;0.0;;182;356;;;;;;0.0;0.0;0.0;0.0;0.0;3;3.197600105688244E-4;6;0.0011959282348678896;1033;0.12051777041276353;3;3.197600105688244E-4;11;0.0013342369953447783;;0.9890438606719861;0.00668883958249861;0.9890438606719861;0.00668883958249861;
48;Bartonella;genus;773;0;0;0;0;0;;0;0;0;;0.0;0.0;;37807667;772;;;;;;0.0;0.0;0.0;0.0;0.0;3;3.197600105688244E-4;6;0.0011959282348678896;1033;0.12051777041276353;3;3.197600105688244E-4;11;0.0013342369953447783;;0.9890438606719861;0.00668883958249861;0.9890438606719861;0.00668883958249861;
49;unclassified Bartonella;no rank;2645622;1;1;1;1;1;1.0;1;1;280;280.0;4.218370709152409E-8;0.9999999997973769;1.0000000002026233;23705835;773;0.996;;0.996;;;4.218370709152409E-8;4.218370709152409E-8;1.1811437985626746E-5;4.218370709152409E-8;4.218370709152409E-8;3;3.197600105688244E-4;6;0.0011959282348678896;1033;0.12051777041276353;3;3.197600105688244E-4;11;0.0013342369953447783;SRR17281105.371856;0.9890438606719861;0.00668883958249861;0.9890438606719861;0.00668883958249861;
50;Bartonella sp. JB15;species;1933906;1;4;4;3;2;2.0;3;1;377;377.0;8.761682242990654E-4;3.9982480047134956;0.7503286430614933;3424;2645622;0.9884726224783862;;0.9884726224783862;;1.4142135623730951;2.920560747663551E-4;0.0011682242990654205;0.11010514018691589;2.920560747663551E-4;0.0011682242990654205;1;2.920560747663551E-4;4;0.0011682242990654205;377;0.11010514018691589;1;2.920560747663551E-4;4;0.0011682242990654205;SRR17281105.891591;0.9884726224783862;;0.9884726224783862;;
51;Bartonella sp. CL45QHWL;species;3243533;1;6;1;1;1;1.0;1;1;376;376.0;2.766175209537772E-5;0.9999999999987306;1.0000000000012694;36151;2645622;0.9826589595375722;;0.9826589595375722;;;2.766175209537772E-5;2.766175209537772E-5;0.010400818787862023;2.766175209537772E-5;1.6597051257226633E-4;1;2.766175209537772E-5;1;2.766175209537772E-5;376;0.010400818787862023;1;2.766175209537772E-5;6;1.6597051257226633E-4;SRR17281105.466733;0.9826589595375722;;0.9826589595375722;;
52;Rickettsiales;order;766;4;142;514;194;56;9.178571428571429;41;51;1448;362.0;0.004779031383948367;510.7658163872396;0.37982181613524024;40594;28211;0.8923088272742313;0.0951331173419239;0.8923088272742313;0.0951331173419239;8.776222303592698;9.853672956594571E-5;0.012661969749224023;0.03567029610287235;0.0012563433019658077;0.0034980538995910727;2702;0.013794162978417094;157504;0.26416708638324915;1146054;5.892156117238249;4894;0.019351883863357806;167695;0.811157646228468;SRR17281105.202942;0.8444964753824662;0.10304589205798938;0.8450716923364162;0.10275897533795393;
53;Rickettsiaceae;family;775;0;0;39;39;7;5.571428571428571;17;6;0;;0.016352201257861635;38.690908783349265;1.0079887298171646;2385;766;;;;;5.94017796751194;0.0;0.016352201257861635;0.0;0.0025157232704402514;0.0;2619;0.012562834969680425;156696;0.2480076419863631;1114376;5.494715364893285;4764;0.016962749282221266;166418;0.7900029692054288;SRR17281105.811249;0.8410587664648083;0.10242954342790109;0.8416522128983985;0.10215165870843507;
54;Rickettsieae;tribe;33988;10;433;3699;2393;379;9.759894459102902;88;229;3639;363.9;0.001460250433254412;3694.8295843502347;0.647661805604176;1638760;775;0.8631613523936682;0.07157883615726036;0.8631613523936682;0.07157883615726036;10.867546755160713;6.102174815104103E-6;0.0022571944641070077;0.002220581415216383;1.3973980326588396E-4;2.6422416949400767E-4;2619;0.012562834969680425;156657;0.23165544072850144;1114376;5.494715364893285;4758;0.014447026011781007;166418;0.7900029692054288;SRR17281105.107787;0.8410587664648083;0.10242954342790109;0.8416522128983985;0.10215165870843507;
55;Rickettsia;genus;780;375;16910;65709;60024;4535;14.489305402425579;164;1744;151702;404.53866666666664;0.013676911894383543;65219.54639294212;0.9203375877280808;4388710;33988;0.8803996438293966;0.09210161705533391;0.8804437124086888;0.09211069482053177;14.778031473389806;8.54465207316045E-5;0.014972281148674667;0.034566421568068974;3.9738328574911536E-4;0.003853068441523819;2609;0.01255673279486532;152958;0.22939824626439442;1110737;5.492494783478069;4529;0.014307286208515122;165985;0.7897387450359349;SRR17281105.390432;0.8409740497690288;0.10253038308989582;0.8415697708152432;0.10225219362777355;
56;spotted fever group;species group;114277;1620;106811;77261;61541;5207;14.837910505089303;246;1956;686978;424.0604938271605;0.019498583413229544;76323.033961467;0.8063227679218051;3156178;780;0.8345663291953395;0.10109645421578904;0.8350227532590367;0.10092445956624461;15.175583922246796;5.132790355930496E-4;0.024479291091947287;0.21766136130471728;6.197369096419783E-4;0.033841880907857544;2154;0.012112963018497512;86299;0.21109158050986038;926070;5.3224673418113335;2564;0.012978519006158947;145152;0.7684777906825967;SRR17281105.123305;0.8329596390194544;0.10279154198646163;0.8335933255771096;0.10252645706619233;
57;Rickettsia conorii;species;781;0;0;0;0;0;;0;0;0;;0.0;0.0;;1602;114277;;;;;;0.0;0.0;0.0;0.0;0.0;12;6.052256489947305E-5;72;2.7083250109509146E-4;5058;0.025572432429973126;15;6.815745430809997E-5;839;0.004084119543502077;;0.8367477027590061;0.12483960065824004;0.8369324773340248;0.12464284180473281;
58;Rickettsia conorii subsp. heilongjiangensis;subspecies;226665;4;260;16;16;4;4.0;11;4;1693;423.25;1.0891244120429932E-4;15.999183182653347;1.000051053690512;146907;781;0.8396331133487933;0.10967600688978027;0.8401874370738488;0.10883151776516055;4.69041575982343;2.722811030107483E-5;1.0891244120429932E-4;0.011524297684929921;2.722811030107483E-5;0.0017698271695698639;4;2.722811030107483E-5;16;1.0891244120429932E-4;1693;0.011524297684929921;4;2.722811030107483E-5;260;0.0017698271695698639;SRR17281105.352394;0.8396331133487933;0.10967600688978027;0.8401874370738488;0.10883151776516055;
59;Rickettsia conorii str. Malish 7;strain;272944;2;130;3;3;2;1.5;2;2;848;424.0;2.703701367171658E-5;2.9999729630508294;1.0000090123976129;110959;781;0.8693321251934911;0.12659419173128791;0.8693321251934911;0.12659419173128791;0.7071067811865476;1.8024675781144387E-5;2.703701367171658E-5;0.00764246253120522;1.8024675781144387E-5;0.0011716039257743851;2;1.8024675781144387E-5;3;2.703701367171658E-5;848;0.00764246253120522;2;1.8024675781144387E-5;130;0.0011716039257743851;SRR17281105.228834;0.8693321251934911;0.12659419173128791;0.8693321251934911;0.12659419173128791;
60;Rickettsia conorii subsp. raoultii;subspecies;369822;6;449;53;53;9;5.888888888888889;31;9;2517;419.5;1.3488304621907553E-4;52.996493192972295;1.0000661705485858;392933;781;0.8239626215543198;0.15243626512041644;0.8239626215543198;0.15243626512041644;9.6234666888347;1.526977881725383E-5;1.3488304621907553E-4;0.006405672213837982;2.290466822588075E-5;0.0011426884481578283;6;1.526977881725383E-5;53;1.3488304621907553E-4;2517;0.006405672213837982;9;2.290466822588075E-5;449;0.0011426884481578283;SRR17281105.723959;0.8239626215543198;0.15243626512041644;0.8239626215543198;0.15243626512041644;
61;Rickettsia rickettsii;species;783;0;0;1;1;1;1.0;1;1;0;;8.530312465345605E-6;1.0000000000056128;0.9999999999943872;117229;114277;;;;;;0.0;8.530312465345605E-6;0.0;8.530312465345605E-6;0.0;0;0.0;1;8.530312465345605E-6;0;0.0;1;8.530312465345605E-6;0;0.0;SRR17281105.951496;;;;;
62;Rickettsia akari;species;786;0;0;0;0;0;;0;0;0;;;0.0;;0;114277;;;;;;;;;;;6;9.546250789554493E-6;25;3.977604495647705E-5;3013;0.004793808938154614;6;9.546250789554493E-6;400;6.364167193036328E-4;;0.8586299745178895;0.09187505921120256;0.8589779216299283;0.0916007672150078;
63;Rickettsia akari str. Hartford;strain;293614;6;400;25;25;6;4.166666666666667;16;6;3013;502.1666666666667;3.977604495647705E-5;24.99952269405988;1.0000190926021253;628519;786;0.8586299745178895;0.09187505921120256;0.8589779216299283;0.0916007672150078;5.84522597225006;9.546250789554493E-6;3.977604495647705E-5;0.004793808938154614;9.546250789554493E-6;6.364167193036328E-4;6;9.546250789554493E-6;25;3.977604495647705E-5;3013;0.004793808938154614;6;9.546250789554493E-6;400;6.364167193036328E-4;SRR17281105.289449;0.8586299745178895;0.09187505921120256;0.8589779216299283;0.0916007672150078;
64;Rickettsia australis;species;787;5;527;11;11;9;1.2222222222222223;2;8;2976;595.2;2.192720169038791E-5;10.999890364444827;1.0000099669679916;501660;114277;0.8208848889697059;0.05776253301860998;0.8208848889697059;0.05776253301860998;0.4409585518440984;9.966909859267233E-6;2.192720169038791E-5;0.005932304748235857;1.594705577482757E-5;0.0010505122991667664;6;5.649058665740287E-4;12;5.768661584051493E-4;3299;0.18517758776710377;9;5.70886012489589E-4;553;0.015478925173750562;SRR17281105.33279;0.8359478739138902;0.06348676451949069;0.8359478739138902;0.06348676451949069;
65;Rickettsia australis str. Phillips;strain;1196662;1;26;1;1;1;1.0;1;1;323;323.0;5.549389567147614E-4;1.0000000000000115;0.9999999999999885;1802;787;0.9112627986348123;;0.9112627986348123;;;5.549389567147614E-4;5.549389567147614E-4;0.1792452830188679;5.549389567147614E-4;0.014428412874583796;1;5.549389567147614E-4;1;5.549389567147614E-4;323;0.1792452830188679;1;5.549389567147614E-4;26;0.014428412874583796;SRR17281105.209327;0.9112627986348123;;0.9112627986348123;;
66;Rickettsia amblyommatis;species;33989;9;649;78;76;11;7.090909090909091;25;11;3712;412.44444444444446;1.545903153235616E-4;77.99389196473903;0.9744352805776063;491622;114277;0.8086929322320622;0.10866882222994059;0.8147163240449277;0.10867516430684905;7.582275983562527;1.8306747867263872E-5;1.586584815162869E-4;0.007550516453698167;2.2374914059989177E-5;0.0013201199295393615;25;0.0012192337512426953;225;0.011411609337340648;10857;0.543292533935014;29;0.001327565909687556;1361;0.05305830163343944;SRR17281105.815586;0.8592780658657333;0.09503553735655992;0.8614464869183648;0.09387438293441272;
67;Rickettsia amblyommatis str. Ac/Pa;strain;1359164;1;77;5;5;2;2.5;3;2;457;457.0;1.2965460014521316E-4;4.999740697518233;1.000051863186004;38564;33989;0.819672131147541;;0.819672131147541;;0.7071067811865476;2.593092002904263E-5;1.2965460014521316E-4;0.011850430453272482;5.186184005808526E-5;0.0019966808422362827;1;2.593092002904263E-5;5;1.2965460014521316E-4;457;0.011850430453272482;2;5.186184005808526E-5;77;0.0019966808422362827;SRR17281105.91796;0.819672131147541;;0.819672131147541;;
68;Rickettsia amblyommatis str. Darkwater;strain;1359166;15;635;142;122;16;8.875;24;16;6688;445.8666666666667;0.009556634811217296;141.21866647677876;0.863908455190384;12766;33989;0.8922695416938153;0.07623548261313841;0.8922695416938153;0.07623548261313841;7.957177053871974;0.0011749960833463888;0.011123296255679148;0.5238915870280433;0.0012533291555694814;0.0497415008616638;15;0.0011749960833463888;142;0.011123296255679148;6688;0.5238915870280433;16;0.0012533291555694814;635;0.0497415008616638;SRR17281105.949319;0.8922695416938153;0.07623548261313841;0.8922695416938153;0.07623548261313841;
69;Rickettsia montanensis;species;33991;0;0;0;0;0;;0;0;0;;;0.0;;0;114277;;;;;;;;;;;8;3.096166945321692E-5;21;8.127438231469441E-5;3494;0.013522509133692488;9;3.483187813486903E-5;547;0.0021170041488637065;;0.8378547971338263;0.11393598589923695;0.838825670920234;0.11503229678045741;
70;Rickettsia montanensis str. OSU 85-930;strain;1105114;8;547;21;21;9;2.3333333333333335;6;9;3494;436.75;8.127438231469441E-5;20.999187276042854;1.0000387026386528;258384;33991;0.8378547971338263;0.11393598589923695;0.838825670920234;0.11503229678045741;1.8708286933869707;3.096166945321692E-5;8.127438231469441E-5;0.013522509133692488;3.483187813486903E-5;0.0021170041488637065;8;3.096166945321692E-5;21;8.127438231469441E-5;3494;0.013522509133692488;9;3.483187813486903E-5;547;0.0021170041488637065;SRR17281105.718112;0.8378547971338263;0.11393598589923695;0.838825670920234;0.11503229678045741;
71;Rickettsia rhipicephali;species;33992;6;309;23;23;10;2.3;7;10;2351;391.8333333333333;6.172259717954567E-5;22.999321064191417;1.0000295198195932;372635;114277;0.8628184346501814;0.05396572525983294;0.8632826872035704;0.05375438444000489;1.9465068427541912;1.610154709031626E-5;6.172259717954567E-5;0.006309122868222255;2.6835911817193767E-5;8.292296751512874E-4;8;5.006144045625109E-5;26;1.1266243722844792E-4;3148;0.019842140374547283;12;6.0795805183128596E-5;423;0.0027649435970095726;SRR17281105.893278;0.859385710260633;0.051729689857681636;0.8597338996756748;0.05159920336639934;
72;Rickettsia rhipicephali str. 3-7-female6-CWPP;strain;1105113;2;114;3;3;2;1.5;2;2;797;398.5;5.093984004890225E-5;2.9999490604401355;1.0000169801416086;58893;33992;0.8490875370919881;0.06234919288711647;0.8490875370919881;0.06234919288711647;0.7071067811865476;3.395989336593483E-5;5.093984004890225E-5;0.01353301750632503;3.395989336593483E-5;0.0019357139218582854;2;3.395989336593483E-5;3;5.093984004890225E-5;797;0.01353301750632503;2;3.395989336593483E-5;114;0.0019357139218582854;SRR17281105.454541;0.8490875370919881;0.06234919288711647;0.8490875370919881;0.06234919288711647;
73;Rickettsia africae;species;35788;0;0;0;0;0;;0;0;0;;;0.0;;0;114277;;;;;;;;;;;0;0.0;1;7.656440214686583E-6;0;0.0;1;7.656440214686583E-6;0;0.0;;;;;;
74;Rickettsia africae ESF-5;strain;347255;0;0;1;1;1;1.0;1;1;0;;7.656440214686583E-6;1.0000000000044378;0.9999999999955622;130609;35788;;;;;;0.0;7.656440214686583E-6;0.0;7.656440214686583E-6;0.0;0;0.0;1;7.656440214686583E-6;0;0.0;1;7.656440214686583E-6;0;0.0;SRR17281105.645392;;;;;
75;Rickettsia helvetica;species;35789;7;498;46;46;8;5.75;30;8;3061;437.2857142857143;1.739617132959694E-4;45.99608607785971;1.0000850925040377;264426;114277;0.8177898802538698;0.08108867536616648;0.8220484516041636;0.0793426039510191;9.996427933445599;2.647243463199534E-5;1.739617132959694E-4;0.011576017486933963;3.0254211007994676E-5;0.0018833246352476685;8;5.262225595695266E-4;48;0.0011734619631710319;3522;0.24196082508313585;9;5.300043359455259E-4;580;0.042862834880125225;SRR17281105.596239;0.8156241498625072;0.07532301997872692;0.820510492601439;0.07358566495922267;
76;Rickettsia helvetica C9P9;strain;1144888;1;82;2;2;1;2.0;2;1;461;461.0;9.995002498750624E-4;1.999500249874951;1.0002499375156768;2001;35789;0.8004640371229699;;0.8097447795823666;;;4.997501249375312E-4;9.995002498750624E-4;0.2303848075962019;4.997501249375312E-4;0.04097951024487756;1;4.997501249375312E-4;2;9.995002498750624E-4;461;0.2303848075962019;1;4.997501249375312E-4;82;0.04097951024487756;SRR17281105.912672;0.8004640371229699;;0.8097447795823666;;
77;Rickettsia japonica;species;35790;0;0;0;0;0;;0;0;0;;0.0;0.0;;88566;114277;;;;;;0.0;0.0;0.0;0.0;0.0;3;0.0010073875083948958;4;0.001343183344526528;1327;0.44560107454667564;3;0.0010073875083948958;64;0.021490933512424447;;0.9449900737786883;0.03987389852735588;0.9449900737786883;0.03987389852735588;
78;Rickettsia japonica YH;strain;652620;3;64;4;3;3;1.3333333333333333;2;3;1327;442.3333333333333;0.0010073875083948958;3.9979856759808357;0.7503778760447917;2978;35790;0.9449900737786883;0.03987389852735588;0.9449900737786883;0.03987389852735588;0.5773502691896258;0.0010073875083948958;0.001343183344526528;0.44560107454667564;0.0010073875083948958;0.021490933512424447;3;0.0010073875083948958;4;0.001343183344526528;1327;0.44560107454667564;3;0.0010073875083948958;64;0.021490933512424447;SRR17281105.223517;0.9449900737786883;0.03987389852735588;0.9449900737786883;0.03987389852735588;
79;Rickettsia massiliae;species;35791;0;0;0;0;0;;0;0;0;;0.0;0.0;;1397;114277;;;;;;0.0;0.0;0.0;0.0;0.0;3;2.3442261709409725E-5;25;1.953521809117477E-4;1220;0.009533186428493289;4;3.125634894587963E-5;264;0.0020629190304280558;;0.7772555566673214;0.1524552110832487;0.7772555566673214;0.1524552110832487;
80;Rickettsia massiliae MTU5;strain;416276;3;264;25;25;4;6.25;20;4;1220;406.6666666666667;1.953521809117477E-4;24.997655914328174;1.0000937722192778;127974;35791;0.7772555566673214;0.1524552110832487;0.7772555566673214;0.1524552110832487;9.215023964519391;2.3442261709409725E-5;1.953521809117477E-4;0.009533186428493289;3.125634894587963E-5;0.0020629190304280558;3;2.3442261709409725E-5;25;1.953521809117477E-4;1220;0.009533186428493289;4;3.125634894587963E-5;264;0.0020629190304280558;SRR17281105.459595;0.7772555566673214;0.1524552110832487;0.7772555566673214;0.1524552110832487;
81;Rickettsia parkeri;species;35792;4;371;22;22;5;4.4;17;5;2223;555.75;1.1525324280714989E-4;21.998789883456876;1.0000550083231639;190884;114277;0.8454690065792385;0.10842422485914048;0.8457826828653113;0.10800007981144537;7.05691150575094;2.0955135055845436E-5;1.1525324280714989E-4;0.011645816307286101;2.6193918819806794E-5;0.001943588776429664;4;2.0955135055845436E-5;22;1.1525324280714989E-4;2223;0.011645816307286101;5;2.6193918819806794E-5;371;0.001943588776429664;SRR17281105.365418;0.8454690065792385;0.10842422485914048;0.8457826828653113;0.10800007981144537;
82;Rickettsia slovaca;species;35794;1;33;4;4;1;4.0;4;1;269;269.0;5.831668877841116E-5;3.9999125258165393;1.000021869024109;68591;114277;0.8619246861924686;;0.8619246861924686;;;1.457917219460279E-5;5.831668877841116E-5;0.00392179732034815;1.457917219460279E-5;4.8111268242189206E-4;1;1.457917219460279E-5;4;5.831668877841116E-5;269;0.00392179732034815;1;1.457917219460279E-5;33;4.8111268242189206E-4;SRR17281105.786485;0.8619246861924686;;0.8619246861924686;;
83;Rickettsia honei;species;37816;0;0;0;0;0;;0;0;0;;;0.0;;0;114277;;;;;;;;;;;2;1.2321188748290436E-5;4;2.4642377496580872E-5;868;0.005347395916758048;2;1.2321188748290436E-5;52;3.203509074555513E-4;;0.943849930756641;0.07104006186414029;0.943849930756641;0.07104006186414029;
84;Rickettsia honei RB;strain;1175313;2;52;4;4;2;2.0;3;2;868;434.0;2.4642377496580872E-5;3.9999630366138152;1.0000092409319403;162322;37816;0.943849930756641;0.07104006186414029;0.943849930756641;0.07104006186414029;1.4142135623730951;1.2321188748290436E-5;2.4642377496580872E-5;0.005347395916758048;1.2321188748290436E-5;3.203509074555513E-4;2;1.2321188748290436E-5;4;2.4642377496580872E-5;868;0.005347395916758048;2;1.2321188748290436E-5;52;3.203509074555513E-4;SRR17281105.1091698;0.943849930756641;0.07104006186414029;0.943849930756641;0.07104006186414029;
85;Rickettsia felis;species;42862;5;530;34;34;7;4.857142857142857;11;7;2106;421.2;6.406717254608596E-5;33.998942912302645;1.000031091781297;530693;114277;0.7299671130782143;0.12350028767680737;0.7299671130782143;0.12350028767680737;4.413183712037204;9.421643021483231E-6;6.406717254608596E-5;0.003968396040648737;1.3190300230076523E-5;9.986941602772223E-4;11;1.3932551415684306E-4;107;0.0016445642713596308;5110;0.06900693418908556;14;1.64744816554663E-4;1158;0.01459529933911155;SRR17281105.560990;0.7581807163393008;0.09232339574481296;0.7587395761440788;0.09244046607559156;
86;Rickettsia felis str. LSU;strain;1359195;6;628;73;73;7;10.428571428571429;20;7;3004;500.6666666666667;0.0015804970988135447;72.9431312477802;1.0007796313545496;46188;42862;0.7816920523902061;0.058189475356384204;0.782716628698966;0.05805935929375385;6.8521807442872475;1.2990387113535984E-4;0.0015804970988135447;0.06503853814843683;1.5155451632458647E-4;0.013596605178834329;6;1.2990387113535984E-4;73;0.0015804970988135447;3004;0.06503853814843683;7;1.5155451632458647E-4;628;0.013596605178834329;SRR17281105.298905;0.7816920523902061;0.058189475356384204;0.782716628698966;0.05805935929375385;
87;Rickettsia peacockii;species;47589;0;0;0;0;0;;0;0;0;;;0.0;;0;114277;;;;;;;;;;;3;2.557392141986412E-5;28;2.3868993325206508E-4;1503;0.012812534631351923;3;2.557392141986412E-5;219;0.0018668962636500806;;0.8614047654239094;0.08983789360632644;0.8619199637752746;0.0891439107657432;
88;Rickettsia peacockii str. Rustic;strain;562019;3;219;28;28;3;9.333333333333334;20;3;1503;501.0;2.3868993325206508E-4;27.996777923978314;1.0001150873872142;117307;47589;0.8614047654239094;0.08983789360632644;0.8619199637752746;0.0891439107657432;9.71253485622231;2.557392141986412E-5;2.3868993325206508E-4;0.012812534631351923;2.557392141986412E-5;0.0018668962636500806;3;2.557392141986412E-5;28;2.3868993325206508E-4;1503;0.012812534631351923;3;2.557392141986412E-5;219;0.0018668962636500806;SRR17281105.648444;0.8614047654239094;0.08983789360632644;0.8619199637752746;0.0891439107657432;
89;Rickettsia monacensis;species;109232;5;376;27;27;7;3.857142857142857;10;7;2158;431.6;1.926974792314939E-4;26.997495081861448;1.0000927833538245;140116;114277;0.8129030372479571;0.06919930507771344;0.8129030372479571;0.06919930507771344;3.4364987719368982;3.568471837620257E-5;1.926974792314939E-4;0.01540152445116903;4.9958605726683606E-5;0.0026834908218904335;5;3.568471837620257E-5;27;1.926974792314939E-4;2158;0.01540152445116903;7;4.9958605726683606E-5;376;0.0026834908218904335;SRR17281105.262109;0.8129030372479571;0.06919930507771344;0.8129030372479571;0.06919930507771344;
90;Rickettsia asiatica;species;238800;1;134;33;33;2;16.5;31;2;493;493.0;1.4317820914431495E-4;32.997709251008224;1.0000694214551182;230482;114277;0.7084233261339092;;0.7105831533477321;;20.506096654409877;4.338733610433787E-6;1.4317820914431495E-4;0.0021389956699438568;8.677467220867574E-6;5.813903037981274E-4;1;4.338733610433787E-6;33;1.4317820914431495E-4;493;0.0021389956699438568;2;8.677467220867574E-6;134;5.813903037981274E-4;SRR17281105.736178;0.7084233261339092;;0.7105831533477321;;
91;Rickettsia sibirica subgroup;;266068;0;0;0;0;0;;0;0;0;;;0.0;;0;114277;;;;;;;;;;;3;3.467978420274392E-5;8;1.003897142873783E-4;970;0.01079704898487598;4;4.7821770219670786E-5;137;0.0016438283473337706;;0.8482719821050511;0.12056492810659072;0.8482719821050511;0.12056492810659072;
92;Rickettsia sibirica;species;35793;1;33;1;1;1;1.0;1;1;411;411.0;8.395812168890158E-6;1.0000000000056493;0.9999999999943507;119107;266068;0.9133858267716536;;0.9133858267716536;;;8.395812168890158E-6;8.395812168890158E-6;0.003450678801413855;8.395812168890158E-6;2.770618015733752E-4;3;3.467978420274392E-5;8;1.003897142873783E-4;970;0.01079704898487598;4;4.7821770219670786E-5;137;0.0016438283473337706;SRR17281105.1039804;0.8482719821050511;0.12056492810659072;0.8482719821050511;0.12056492810659072;
93;Rickettsia sibirica subsp. mongolitimonae;subspecies;45261;0;0;0;0;0;;0;0;0;;;0.0;;0;35793;;;;;;;;;;;2;2.6283972033853757E-5;7;9.199390211848814E-5;559;0.0073463701834621245;3;3.942595805078063E-5;104;0.0013667665457603954;;0.8157150597717497;0.15070529064301386;0.8157150597717497;0.15070529064301386;
94;Rickettsia sibirica subsp. mongolitimonae HA-91;strain;1144280;2;104;7;7;3;2.3333333333333335;5;3;559;279.5;9.199390211848814E-5;6.999724024312704;1.0000394266525847;76092;45261;0.8157150597717497;0.15070529064301386;0.8157150597717497;0.15070529064301386;2.3094010767585034;2.6283972033853757E-5;9.199390211848814E-5;0.0073463701834621245;3.942595805078063E-5;0.0013667665457603954;2;2.6283972033853757E-5;7;9.199390211848814E-5;559;0.0073463701834621245;3;3.942595805078063E-5;104;0.0013667665457603954;SRR17281105.699240;0.8157150597717497;0.15070529064301386;0.8157150597717497;0.15070529064301386;
95;Rickettsia tamurae;species;334545;10;730;53;53;19;2.789473684210526;16;18;5083;508.3;2.0339555446395678E-4;52.994712060096475;1.0000997824065452;260576;114277;0.8570388833749195;0.10440973242618355;0.8571872513274418;0.1044397268692146;3.966231732015514;3.8376519710180524E-5;2.0339555446395678E-4;0.01950678496868476;6.907773547832495E-5;0.0028014859388431784;127;0.0031396037574974414;2152;0.05583994232468157;56858;1.3918661032288167;144;0.0034088609146338367;9180;0.22677900866792317;SRR17281105.1087829;0.8215133979425594;0.11712391685992132;0.8233521408394453;0.1157690601631312;
96;Rickettsia tamurae subsp. buchneri;subspecies;1462938;117;8450;2099;1807;194;10.81958762886598;58;126;51775;442.5213675213675;0.04789673178360326;2041.7037444986722;0.885045151564679;37727;334545;0.8184770316662894;0.1180538189818044;0.8204602510541464;0.11663812134172923;10.9224030757082;0.003101227237787261;0.055636546770217614;1.372359318260132;0.003339783179155512;0.22397752272907998;117;0.003101227237787261;2099;0.055636546770217614;51775;1.372359318260132;126;0.003339783179155512;8450;0.22397752272907998;SRR17281105.83440;0.8184770316662894;0.1180538189818044;0.8204602510541464;0.11663812134172923;
97;Rickettsia gravesii;species;354585;0;0;0;0;0;;0;0;0;;;0.0;;0;114277;;;;;;;;;;;7;2.2834699609526637E-5;41;1.3374609771294173E-4;3108;0.010138606626629828;10;3.262099944218091E-5;516;0.0016832435712165349;;0.7994537975697538;0.14558085499713586;0.80774965830906;0.14228297333443046;
98;Rickettsia gravesii BWI-1;strain;1397702;7;516;41;41;10;4.1;15;10;3108;444.0;1.3374609771294173E-4;40.99732519083455;1.0000652435043749;306551;354585;0.7994537975697538;0.14558085499713586;0.80774965830906;0.14228297333443046;4.383048152953731;2.2834699609526637E-5;1.3374609771294173E-4;0.010138606626629828;3.262099944218091E-5;0.0016832435712165349;7;2.2834699609526637E-5;41;1.3374609771294173E-4;3108;0.010138606626629828;10;3.262099944218091E-5;516;0.0016832435712165349;SRR17281105.170710;0.7994537975697538;0.14558085499713586;0.80774965830906;0.14228297333443046;
99;Rickettsia hoogstraalii;species;467174;14;1138;55;48;18;3.0555555555555554;11;18;6150;439.2857142857143;8.346301979638501E-5;54.99741794243518;0.8727682461427689;575105;114277;0.8055958666716813;0.14301400946087575;0.8059850088701143;0.14335951456751742;3.262482314078224;2.434338077394563E-5;9.563471018335783E-5;0.01069369941141183;3.1298632423644375E-5;0.0019787690943392946;14;2.434338077394563E-5;55;9.563471018335783E-5;6150;0.01069369941141183;18;3.1298632423644375E-5;1138;0.0019787690943392946;SRR17281105.499175;0.8055958666716813;0.14301400946087575;0.8059850088701143;0.14335951456751742;
100;Rickettsia asembonensis;species;1068590;11;912;65;65;16;4.0625;12;15;5660;514.5454545454545;1.33366982849006E-4;64.99573243965779;1.000065659085328;487377;114277;0.8269104498800595;0.09525548396130207;0.82810998527242;0.09444590390787544;4.00780488547035;2.2569797097524094E-5;1.33366982849006E-4;0.011613186506544216;3.077699604207831E-5;0.0018712413593583613;11;2.2569797097524094E-5;65;1.33366982849006E-4;5660;0.011613186506544216;15;3.077699604207831E-5;912;0.0018712413593583613;SRR17281105.170710;0.8269104498800595;0.09525548396130207;0.82810998527242;0.09444590390787544;
101;Rickettsia fournieri;species;1436798;3;109;18;18;4;4.5;12;4;1165;388.3333333333333;1.652573883824056E-4;17.99859538089378;1.0000780404846321;108921;114277;0.9003636235881042;0.053536642901540706;0.901467376347486;0.05285891370996111;5.066228051190222;2.7542898063734267E-5;1.652573883824056E-4;0.01069582541475014;3.672386408497902E-5;0.0010007252963156784;3;2.7542898063734267E-5;18;1.652573883824056E-4;1165;0.01069582541475014;4;3.672386408497902E-5;109;0.0010007252963156784;SRR17281105.257403;0.9003636235881042;0.053536642901540706;0.901467376347486;0.05285891370996111;
102;Rickettsia argasii;species;1441385;0;0;0;0;0;;0;0;0;;;0.0;;0;114277;;;;;;;;;;;4;2.734276202910637E-5;13;8.88639765945957E-5;1881;0.01285793384418727;5;3.4178452536382963E-5;337;0.0023036277009522116;;0.8138191101593168;0.10908270664177067;0.8138191101593168;0.10908270664177067;
103;Rickettsia argasii T170-B;strain;1268837;4;337;13;13;5;2.6;7;5;1881;470.25;8.88639765945957E-5;12.999466829546911;1.0000410147939205;146291;1441385;0.8138191101593168;0.10908270664177067;0.8138191101593168;0.10908270664177067;2.6076809620810595;2.734276202910637E-5;8.88639765945957E-5;0.01285793384418727;3.4178452536382963E-5;0.0023036277009522116;4;2.734276202910637E-5;13;8.88639765945957E-5;1881;0.01285793384418727;5;3.4178452536382963E-5;337;0.0023036277009522116;SRR17281105.468620;0.8138191101593168;0.10908270664177067;0.8138191101593168;0.10908270664177067;
104;Rickettsia koreansis;species;2358204;2;138;3;3;2;1.5;2;2;917;458.5;1.904653067443765E-5;2.9999809534930137;1.00000634887597;157509;114277;0.8412465999824515;0.09856343864723012;0.8444793586031412;0.09399162756197255;0.7071067811865476;1.2697687116291767E-5;1.904653067443765E-5;0.0058218895428197755;1.2697687116291767E-5;8.761404110241319E-4;2;1.2697687116291767E-5;3;1.904653067443765E-5;917;0.0058218895428197755;2;1.2697687116291767E-5;138;8.761404110241319E-4;SRR17281105.919803;0.8412465999824515;0.09856343864723012;0.8444793586031412;0.09399162756197255;
105;unclassified spotted fever group;no rank;2750824;0;0;0;0;0;;0;0;0;;;0.0;;0;114277;;;;;;;;;;;239;0.004508629362388452;5936;0.11227773307348932;106936;2.0156348344266766;251;0.004721433434288278;17430;0.3274222923138072;;0.8267815462743217;0.10799882664812917;0.8274618624410783;0.10796071631425516;
106;Rickettsia endosymbiont of Ixodes scapularis;species;444612;238;17260;5932;4655;465;12.756989247311829;113;249;106372;446.94117647058823;0.08809280496574694;5611.206758554478;0.8295898191424317;52842;2750824;0.8274070879741179;0.10779167312632963;0.8280745259804321;0.10777108566802124;13.625497443066246;0.004503993035842701;0.11225918776730631;2.013019946254873;0.004712160781196776;0.3266341168010295;238;0.004503993035842701;5932;0.11225918776730631;106372;2.013019946254873;249;0.004712160781196776;17260;0.3266341168010295;SRR17281105.458602;0.8274070879741179;0.10779167312632963;0.8280745259804321;0.10777108566802124;
107;Rickettsia sp. Tenjiku01;species;1736693;1;170;4;4;2;2.0;3;2;564;564.0;1.854530618300508E-5;3.999972182167423;1.0000069545065091;215688;2750824;0.6779026217228464;;0.6816479400749064;;1.4142135623730951;4.63632654575127E-6;1.854530618300508E-5;0.0026148881718037163;9.27265309150254E-6;7.881755127777159E-4;1;4.63632654575127E-6;4;1.854530618300508E-5;564;0.0026148881718037163;2;9.27265309150254E-6;170;7.881755127777159E-4;SRR17281105.603990;0.6779026217228464;;0.6816479400749064;;
108;Rickettsia tillamookensis;species;2761623;9;502;22;22;13;1.6923076923076923;6;13;3566;396.22222222222223;4.0367565028477485E-5;21.999576145844458;1.000019266469169;544992;114277;0.8443163859987813;0.023099808735506957;0.8460587586000496;0.024043189070814843;1.4366984945013912;1.6514003875286242E-5;4.0367565028477485E-5;0.006543215313252305;2.385356115319124E-5;9.21114438377077E-4;9;1.6514003875286242E-5;22;4.0367565028477485E-5;3566;0.006543215313252305;13;2.385356115319124E-5;502;9.21114438377077E-4;SRR17281105.91796;0.8443163859987813;0.023099808735506957;0.8460587586000496;0.024043189070814843;
109;Candidatus Rickettsia kedanie;species;3115352;9;568;40;39;12;3.3333333333333335;12;10;4319;479.8888888888889;7.740890559686235E-5;39.99845186097733;0.975037737349244;503818;114277;0.8580970971452371;0.08882119693202316;0.858985939296886;0.08919097518339623;3.938927711338647;1.786359359927593E-5;7.939374933011524E-5;0.008572540083919193;1.984843733252881E-5;0.0011273912404876365;9;1.786359359927593E-5;40;7.939374933011524E-5;4319;0.008572540083919193;10;1.984843733252881E-5;568;0.0011273912404876365;SRR17281105.1080723;0.8580970971452371;0.08882119693202316;0.858985939296886;0.08919097518339623;
110;typhus group;species group;114292;0;0;5;5;2;2.5;4;2;0;;3.487017832609196E-5;4.999930260099667;1.0000139481746155;143389;780;;;;;2.1213203435596424;0.0;3.487017832609196E-5;0.0;1.3948071330436784E-5;0.0;6;6.947958566378238E-6;54;9.132178276373271E-5;2385;0.0027611233940678694;16;3.0029949016083942E-5;331;3.855561599154969E-4;SRR17281105.844458;0.8525851008944296;0.11690107822659622;0.8525851008944296;0.11690107822659622;
111;Rickettsia prowazekii;species;782;2;35;26;26;9;2.888888888888889;9;9;818;409.0;2.958771791069744E-5;25.99963015565119;1.000014224984994;878743;114292;0.9600314730768353;0.030237535400939076;0.9600314730768353;0.030237535400939076;2.848001248439177;2.2759783008228798E-6;2.958771791069744E-5;9.308751250365579E-4;1.0241902353702959E-5;3.9829620264400396E-5;2;2.2759783008228798E-6;26;2.958771791069744E-5;818;9.308751250365579E-4;9;1.0241902353702959E-5;35;3.9829620264400396E-5;SRR17281105.418579;0.9600314730768353;0.030237535400939076;0.9600314730768353;0.030237535400939076;
112;Rickettsia typhi;species;785;4;296;23;23;5;4.6;13;5;1567;391.75;2.686388652694331E-5;22.999704500733603;1.0000128479592592;856168;114292;0.7988619148032268;0.10453202574665929;0.7988619148032268;0.10453202574665929;4.8270073544588685;4.671980265555358E-6;2.686388652694331E-5;0.0018302482690313116;5.839975331944198E-6;3.457265396510965E-4;4;4.671980265555358E-6;23;2.686388652694331E-5;1567;0.0018302482690313116;5;5.839975331944198E-6;296;3.457265396510965E-4;SRR17281105.239183;0.7988619148032268;0.10453202574665929;0.7988619148032268;0.10453202574665929;
113;unclassified Rickettsia;no rank;114295;18;943;274;235;53;5.169811320754717;43;46;8049;447.1666666666667;5.7508140460818844E-5;273.990847591029;0.8576928830512306;4086378;780;0.8746238494736133;0.09412022644610475;0.8766086311364332;0.09402135221422377;7.640317776961002;4.404878843807401E-6;6.705204462240155E-5;0.0019697149896558764;1.1256912600841136E-5;2.307667083172433E-4;58;2.7656578406607427E-4;762;0.0027156104587663828;23948;0.10121756243909043;157;7.020956404775406E-4;2888;0.014285940663483224;SRR17281105.548831;0.8697825324980296;0.09525132078301178;0.8720427360555465;0.09331760296552477;
114;Rickettsia sp.;species;789;4;96;36;36;15;2.4;9;15;1345;336.25;6.975108550126811E-5;35.99877938184797;1.0000339072094386;516121;114295;0.9267781144863672;0.0738999668652186;0.9267781144863672;0.0738999668652186;2.164651077128664;7.750120611252013E-6;6.975108550126811E-5;0.0026059780555334894;2.906295229219505E-5;1.860028946700483E-4;4;7.750120611252013E-6;36;6.975108550126811E-5;1345;0.0026059780555334894;15;2.906295229219505E-5;96;1.860028946700483E-4;SRR17281105.661220;0.9267781144863672;0.0738999668652186;0.9267781144863672;0.0738999668652186;
115;Rickettsia endosymbiont of Ixodes pacificus;species;1133329;10;577;181;179;33;5.484848484848484;25;32;4547;454.7;9.655842054159025E-4;180.91215471800913;0.9894304795551762;185380;114295;0.8586877522141553;0.09167532170244037;0.8625316172391935;0.09091408591325106;6.03179705871938;5.394325169921243E-5;9.76372855755745E-4;0.02452799654763189;1.7261840543747977E-4;0.003112525623044557;10;5.394325169921243E-5;181;9.76372855755745E-4;4547;0.02452799654763189;32;1.7261840543747977E-4;577;0.003112525623044557;SRR17281105.175110;0.8586877522141553;0.09167532170244037;0.8625316172391935;0.09091408591325106;
116;Rickettsia sp. MEAM1 (Bemisia tabaci);species;1182263;2;120;15;14;5;3.0;9;5;651;325.5;8.846202451661822E-4;14.993367164458357;0.9337462256768363;15826;114295;0.7933819308919756;0.28716928708571376;0.8062851566984273;0.2689213701518671;3.391164991562634;1.2637432073802604E-4;9.478074055351952E-4;0.041134841400227475;3.159358018450651E-4;0.007582459244281562;2;1.2637432073802604E-4;15;9.478074055351952E-4;651;0.041134841400227475;5;3.159358018450651E-4;120;0.007582459244281562;SRR17281105.565282;0.7933819308919756;0.28716928708571376;0.8062851566984273;0.2689213701518671;
117;Rickettsia endosymbiont of Proechinophthirus fluctus;species;1462733;2;70;10;10;5;2.0;3;5;868;434.0;4.360585539426234E-5;9.99980377593233;1.0000196227918134;229327;114295;0.9141168971266058;0.053603367839285425;0.9141168971266058;0.053603367839285425;1.0;8.721171078852468E-6;4.360585539426234E-5;0.003784988248221971;2.180292769713117E-5;3.052409877598364E-4;2;8.721171078852468E-6;10;4.360585539426234E-5;868;0.003784988248221971;5;2.180292769713117E-5;70;3.052409877598364E-4;SRR17281105.269153;0.9141168971266058;0.053603367839285425;0.9141168971266058;0.053603367839285425;
118;Rickettsia sp. TH2014;species;1967503;3;90;29;29;13;2.230769230769231;8;13;993;331.0;5.123122772987363E-5;28.999282775101737;1.0000247325047251;566061;114295;0.8995610304838312;0.07986409338504574;0.8995610304838312;0.07986409338504574;2.087815690853567;5.299782178952445E-6;5.123122772987363E-5;0.0017542279012332594;2.2965722775460594E-5;1.5899346536857336E-4;3;5.299782178952445E-6;29;5.123122772987363E-5;993;0.0017542279012332594;13;2.2965722775460594E-5;90;1.5899346536857336E-4;SRR17281105.836646;0.8995610304838312;0.07986409338504574;0.8995610304838312;0.07986409338504574;
119;Rickettsia endosymbiont of Cantharis rufa;species;3066248;3;141;30;30;12;2.5;9;10;1414;471.3333333333333;3.1268630892573494E-5;29.99954660798778;1.0000151132954822;959428;114295;0.8889813760251092;0.03719855573898874;0.8889813760251092;0.03719855573898874;2.8444523358476395;3.1268630892573493E-6;3.1268630892573494E-5;0.0014737948027366305;1.0422876964191164E-5;1.4696256519509542E-4;3;3.1268630892573493E-6;30;3.1268630892573494E-5;1414;0.0014737948027366305;10;1.0422876964191164E-5;141;1.4696256519509542E-4;SRR17281105.52745;0.8889813760251092;0.03719855573898874;0.8889813760251092;0.03719855573898874;
120;Rickettsia endosymbiont of Polydrusus tereticollis;species;3066251;1;32;6;6;3;2.0;4;3;379;379.0;4.875440617945847E-6;5.99998781139998;1.0000020314374634;1230658;114295;0.9083094555873925;;0.9083094555873925;;1.7320508075688772;8.125734363243078E-7;4.875440617945847E-6;3.0796533236691263E-4;2.4377203089729236E-6;2.600234996237785E-5;1;8.125734363243078E-7;6;4.875440617945847E-6;379;3.0796533236691263E-4;3;2.4377203089729236E-6;32;2.600234996237785E-5;SRR17281105.1082295;0.9083094555873925;;0.9083094555873925;;
121;Rickettsia endosymbiont of Rhinocyllus conicus;species;3066252;4;127;25;25;6;4.166666666666667;10;6;1452;363.0;2.3544036766367813E-4;24.99717491949602;1.00011301599133;106184;114295;0.9000786749224524;0.04929019615779801;0.9025954534459424;0.04496575541269402;3.125166662222459;3.7670458826188506E-5;2.3544036766367813E-4;0.013674376553906426;5.650568823928275E-5;0.001196037067731485;4;3.7670458826188506E-5;25;2.3544036766367813E-4;1452;0.013674376553906426;6;5.650568823928275E-5;127;0.001196037067731485;SRR17281105.782472;0.9000786749224524;0.04929019615779801;0.9025954534459424;0.04496575541269402;
122;Rickettsia endosymbiont of Urophora cardui;species;3066265;1;59;42;42;6;7.0;23;6;261;261.0;8.361936465210362E-5;41.99828584837515;1.0000408147997049;502276;114295;0.7359307359307359;;0.7445887445887446;;8.099382692526634;1.990937253621515E-6;8.361936465210362E-5;5.196346231952154E-4;1.194562352172909E-5;1.1746529796366938E-4;1;1.990937253621515E-6;42;8.361936465210362E-5;261;5.196346231952154E-4;6;1.194562352172909E-5;59;1.1746529796366938E-4;SRR17281105.25504;0.7359307359307359;;0.7445887445887446;;
123;Rickettsia endosymbiont of Gonocerus acuteangulatus;species;3066266;6;480;100;97;10;10.0;30;8;2725;454.1666666666667;1.4069471277972139E-4;99.9928205558334;0.9700696456085836;689436;114295;0.8174018876003181;0.10126692224792898;0.8194678062319788;0.1005021222513453;10.466878978738388;8.70276573895184E-6;1.4504609564919732E-4;0.003952506106440627;1.1603687651935786E-5;6.962212591161471E-4;6;8.70276573895184E-6;100;1.4504609564919732E-4;2725;0.003952506106440627;8;1.1603687651935786E-5;480;6.962212591161471E-4;SRR17281105.573897;0.8174018876003181;0.10126692224792898;0.8194678062319788;0.1005021222513453;
124;Rickettsia endosymbiont of Pantilius tunicatus;species;3066267;2;134;8;8;4;2.0;3;4;671;335.5;2.4936412149019997E-5;7.99991272321785;1.0000109097167893;320816;114295;0.7735472275843707;0.05459920562979403;0.7735472275843707;0.05459920562979403;1.1547005383792515;6.234103037254999E-6;2.4936412149019997E-5;0.0020915415689990524;1.2468206074509999E-5;4.17684903496085E-4;2;6.234103037254999E-6;8;2.4936412149019997E-5;671;0.0020915415689990524;4;1.2468206074509999E-5;134;4.17684903496085E-4;SRR17281105.919803;0.7735472275843707;0.05459920562979403;0.7735472275843707;0.05459920562979403;
125;Rickettsia endosymbiont of Nabis limbatus;species;3066268;2;19;6;6;4;1.5;2;4;593;296.5;3.4603672603118947E-5;5.9999134915278205;1.0000144182865807;173392;114295;0.9667410333655431;0.03529906954908997;0.9667410333655431;0.03529906954908997;0.5773502691896257;1.1534557534372982E-5;3.4603672603118947E-5;0.003419996308941589;2.3069115068745963E-5;1.0957829657654333E-4;2;1.1534557534372982E-5;6;3.4603672603118947E-5;593;0.003419996308941589;4;2.3069115068745963E-5;19;1.0957829657654333E-4;SRR17281105.538514;0.9667410333655431;0.03529906954908997;0.9667410333655431;0.03529906954908997;
126;belli group;species group;1129742;0;0;1;1;1;1.0;1;1;0;;1.4117514188101758E-5;1.0000000000010574;0.9999999999989426;70834;780;;;;;;0.0;1.4117514188101758E-5;0.0;1.4117514188101758E-5;0.0;12;5.3640899706684854E-5;84;2.6284469811602477E-4;5346;0.02467662509050151;31;1.0929172060091022E-4;572;0.0020378248496122756;SRR17281105.18406;0.8874095250571857;0.08889150874405333;0.8908810117915428;0.08762417956652013;
127;Rickettsia canadensis;species;788;4;256;35;35;9;3.888888888888889;18;8;1857;464.25;5.687792210324806E-5;34.99903309266094;1.000027626687186;615353;1129742;0.8448891284225375;0.058946356675828676;0.8533580633337801;0.05776175743193616;5.532730890899277;6.50033395465692E-6;5.687792210324806E-5;0.0030177800384494752;1.300066790931384E-5;4.160213730980429E-4;8;2.3179422951133795E-5;63;1.7289327583143771E-4;3563;0.010134672184621767;18;5.439077821419416E-5;366;8.700821377064789E-4;SRR17281105.455956;0.8877215635514374;0.07783420033249594;0.8929287936529731;0.0754492221545595;
128;Rickettsia canadensis str. McKiel;strain;293613;1;65;13;13;5;2.6;9;5;400;400.0;5.300735171193359E-5;12.99968196059231;1.000024465168352;245249;788;0.8243243243243243;;0.8243243243243243;;3.5777087639996634;4.0774885932256605E-6;5.300735171193359E-5;0.0016309954372902642;2.0387442966128303E-5;2.6503675855966795E-4;1;4.0774885932256605E-6;13;5.300735171193359E-5;400;0.0016309954372902642;5;2.0387442966128303E-5;65;2.6503675855966795E-4;SRR17281105.635228;0.8243243243243243;;0.8243243243243243;;
129;Rickettsia canadensis str. CA410;strain;1105107;3;45;15;15;5;3.0;9;5;1306;435.3333333333333;6.300800201625606E-5;14.999558951921456;1.0000294040698101;238065;788;0.9659638901323415;0.033614396837127136;0.9685579238547799;0.029236911534321147;3.391164991562634;1.2601600403251214E-5;6.300800201625606E-5;0.005485896708882028;2.100266733875202E-5;1.890240060487682E-4;3;1.2601600403251214E-5;15;6.300800201625606E-5;1306;0.005485896708882028;5;2.100266733875202E-5;45;1.890240060487682E-4;SRR17281105.999385;0.9659638901323415;0.033614396837127136;0.9685579238547799;0.029236911534321147;
130;Rickettsia bellii;species;33990;0;0;3;3;3;1.0;1;3;0;;4.585697515163373E-6;2.999995414250293;1.0000015285855723;654208;1129742;;;;;0.0;0.0;4.585697515163373E-6;0.0;4.585697515163373E-6;0.0;1;2.7019724398811132E-5;5;5.862514631278563E-5;483;0.013050526884625777;4;3.160542191397451E-5;36;9.727100783572007E-4;SRR17281105.212035;0.9205298013245033;;0.9205298013245033;;
131;Rickettsia bellii OSU 85-389;strain;391896;1;36;2;2;1;2.0;2;1;483;483.0;5.4039448797622264E-5;1.999972980275312;1.0000135100448628;37010;33990;0.9205298013245033;;0.9205298013245033;;;2.7019724398811132E-5;5.4039448797622264E-5;0.013050526884625777;2.7019724398811132E-5;9.727100783572007E-4;1;2.7019724398811132E-5;2;5.4039448797622264E-5;483;0.013050526884625777;1;2.7019724398811132E-5;36;9.727100783572007E-4;SRR17281105.974605;0.9205298013245033;;0.9205298013245033;;
132;Rickettsia oklahomensis;species;3141789;3;170;15;15;8;1.875;6;8;1300;433.3333333333333;1.720876178369963E-5;14.99987953944196;1.000008030768362;871649;1129742;0.8755373303167421;0.14661341298953628;0.8755373303167421;0.14661341298953628;1.7268882005337975;3.4417523567399263E-6;1.720876178369963E-5;0.0014914260212539681;9.178006284639803E-6;1.950326335485958E-4;3;3.4417523567399263E-6;15;1.720876178369963E-5;1300;0.0014914260212539681;8;9.178006284639803E-6;170;1.950326335485958E-4;SRR17281105.549337;0.8755373303167421;0.14661341298953628;0.8755373303167421;0.14661341298953628;
133;Rickettsia incertae sedis;no rank;2749451;0;0;0;0;0;;0;0;0;;;0.0;;0;780;;;;;;;;;;;4;2.116861329706444E-5;50;2.6460766621330553E-4;1286;0.006805709175006218;17;8.996660651252388E-5;132;6.985642388031266E-4;;0.8861387931327114;0.0786886648070869;0.8861387931327114;0.0786886648070869;
134;Candidatus Rickettsia colombianensi;species;1090944;4;132;50;48;18;2.7777777777777777;15;17;1286;321.5;2.5402335956477333E-4;49.99351766074857;0.9601244770516769;188959;2749451;0.8861387931327114;0.0786886648070869;0.8861387931327114;0.0786886648070869;3.439486205740201;2.116861329706444E-5;2.6460766621330553E-4;0.006805709175006218;8.996660651252388E-5;6.985642388031266E-4;4;2.116861329706444E-5;50;2.6460766621330553E-4;1286;0.006805709175006218;17;8.996660651252388E-5;132;6.985642388031266E-4;SRR17281105.392346;0.8861387931327114;0.0786886648070869;0.8861387931327114;0.0786886648070869;
135;Anaplasmataceae;family;942;0;0;0;0;0;;0;0;0;;0.0;0.0;;122602;766;;;;;;0.0;0.0;0.0;0.0;0.0;79;0.0011327912791707253;294;0.003497474647661999;30230;0.3617704562420913;79;0.0011327912791707253;1135;0.01765662312344785;;0.9560421747214428;0.045669970285335836;0.9560421747214428;0.045669970285335836;
136;Anaplasma;genus;768;0;0;0;0;0;;0;0;0;;0.0;0.0;;403691;942;;;;;;0.0;0.0;0.0;0.0;0.0;78;0.0011325844702346766;293;0.0034972678387259503;29772;0.361675737749381;78;0.0011325844702346766;1134;0.0176564163145118;;0.955508567328104;0.04571703681218181;0.955508567328104;0.04571703681218181;
137;phagocytophilum group;species group;106179;0;0;0;0;0;;0;0;0;;;0.0;;0;768;;;;;;;;;;;78;0.0011325844702346766;293;0.0034972678387259503;29772;0.361675737749381;78;0.0011325844702346766;1134;0.0176564163145118;;0.955508567328104;0.04571703681218181;0.955508567328104;0.04571703681218181;
138;Anaplasma phagocytophilum;species;948;66;865;224;197;68;3.2941176470588234;14;66;25832;391.3939393939394;3.6890681114330776E-5;223.9953229433681;0.8794826490631984;5340102;106179;0.9600964908593507;0.04045722674396413;0.9600964908593507;0.04045722674396413;3.2371851764379507;1.2359314485004219E-5;4.194676431274159E-5;0.004837360784494379;1.2359314485004219E-5;1.6198192468982802E-4;78;0.0011325844702346766;293;0.0034972678387259503;29772;0.361675737749381;78;0.0011325844702346766;1134;0.0176564163145118;SRR17281105.977354;0.955508567328104;0.04571703681218181;0.955508567328104;0.04571703681218181;
139;Anaplasma phagocytophilum str. Annie;strain;1359151;3;36;5;4;3;1.6666666666666667;3;3;940;313.3333333333333;0.0011046672190002762;4.997239094528243;0.800441988933414;3621;948;0.9705193229762948;0.03394338023530999;0.9705193229762948;0.03394338023530999;1.1547005383792515;8.285004142502071E-4;0.0013808340237503453;0.2595967964650649;8.285004142502071E-4;0.009942004971002486;3;8.285004142502071E-4;5;0.0013808340237503453;940;0.2595967964650649;3;8.285004142502071E-4;36;0.009942004971002486;SRR17281105.990201;0.9705193229762948;0.03394338023530999;0.9705193229762948;0.03394338023530999;
140;Anaplasma phagocytophilum str. CRT53-1;strain;1359157;9;233;64;61;9;7.111111111111111;21;9;3000;333.3333333333333;0.0019772454701630416;63.934697410914744;0.9540985172409099;30851;948;0.9168602095495658;0.06775850038460071;0.9168602095495658;0.06775850038460071;8.161563031130196;2.9172474149946517E-4;0.0020744870506628635;0.09724158049982172;2.9172474149946517E-4;0.007552429418819487;9;2.9172474149946517E-4;64;0.0020744870506628635;3000;0.09724158049982172;9;2.9172474149946517E-4;233;0.007552429418819487;SRR17281105.202794;0.9168602095495658;0.06775850038460071;0.9168602095495658;0.06775850038460071;
141;Ehrlichia;genus;943;0;0;0;0;0;;0;0;0;;0.0;0.0;;1045745;942;;;;;;0.0;0.0;0.0;0.0;0.0;1;2.068089360486795E-7;1;2.068089360486795E-7;458;9.471849271029522E-5;1;2.068089360486795E-7;1;2.068089360486795E-7;;0.9976635514018691;;0.9976635514018691;;
142;canis group;species group;106178;0;0;0;0;0;;0;0;0;;0.0;0.0;;252914;943;;;;;;0.0;0.0;0.0;0.0;0.0;1;2.068089360486795E-7;1;2.068089360486795E-7;458;9.471849271029522E-5;1;2.068089360486795E-7;1;2.068089360486795E-7;;0.9976635514018691;;0.9976635514018691;;
143;Ehrlichia ruminantium;species;779;1;1;1;1;1;1.0;1;1;458;458.0;2.068089360486795E-7;1.0000000001871174;0.9999999998128826;4835381;106178;0.9976635514018691;;0.9976635514018691;;;2.068089360486795E-7;2.068089360486795E-7;9.471849271029522E-5;2.068089360486795E-7;2.068089360486795E-7;1;2.068089360486795E-7;1;2.068089360486795E-7;458;9.471849271029522E-5;1;2.068089360486795E-7;1;2.068089360486795E-7;SRR17281105.342171;0.9976635514018691;;0.9976635514018691;;
144;Spirochaetota;phylum;203691;0;0;0;0;0;;0;0;0;;;0.0;;0;3379134;;;;;;;;;;;449;0.0037186218003848566;41613;0.07700727747841195;293233;3.748181945412122;1127;0.006317057027477306;41947;0.678124187771664;;0.8579074601483688;0.09120665787157989;0.8592240488619849;0.09034764956362377;
145;Spirochaetia;class;203692;0;0;38;38;5;7.6;15;1;0;;0.032562125107112254;37.40374884803933;1.0159409463041544;1167;203691;;;;;4.505552130427524;0.0;0.032562125107112254;0.0;8.56898029134533E-4;0.0;449;0.0037186218003848566;41613;0.07700727747841195;293233;3.748181945412122;1127;0.006317057027477306;41947;0.678124187771664;SRR17281105.362003;0.8579074601483688;0.09120665787157989;0.8592240488619849;0.09034764956362377;
146;Spirochaetales;order;136;0;0;10;10;2;5.0;7;1;0;;0.006788866259334691;9.969505342626444;1.003058793423097;1473;203692;;;;;2.8284271247461903;0.0;0.006788866259334691;0.0;6.788866259334691E-4;0.0;449;0.0037186218003848566;41575;0.044445152371299694;293233;3.748181945412122;1126;0.005460158998342773;41947;0.678124187771664;SRR17281105.190342;0.8579074601483688;0.09120665787157989;0.8592240488619849;0.09034764956362377;
147;Borreliaceae;family;1643685;3;9;3137;3095;408;7.688725490196078;40;191;1317;439.0;0.006489557997148369;3126.7088487786455;0.9898587139665941;476920;136;0.9924478527793476;0.0042615796809891615;0.9924478527793476;0.0042615796809891615;7.529380313465591;6.290363163633314E-6;0.006577623081439235;0.0027614694288350247;4.00486454751321E-4;1.887108949089994E-5;449;0.0037186218003848566;41565;0.037656286111965004;293233;3.748181945412122;1125;0.004781272372409304;41947;0.678124187771664;SRR17281105.468333;0.8579074601483688;0.09120665787157989;0.8592240488619849;0.09034764956362377;
148;Borrelia;genus;138;0;0;18;18;7;2.5714285714285716;5;5;0;;3.3835050744117354E-6;17.999971238859512;1.0000015978436914;5319927;1643685;;;;;1.9880595947760098;0.0;3.3835050744117354E-6;0.0;9.398625206699265E-7;0.0;8;9.879928062289277E-6;113;4.556284597795794E-5;4766;0.004835383229243011;16;1.5698296418957848E-5;126;6.491575758640531E-5;SRR17281105.955017;0.9676406845276736;0.05920582699054736;0.9676406845276736;0.05920582699054736;
149;Borrelia hermsii;species;140;2;10;2;2;2;1.0;1;2;763;381.5;2.3980240282007626E-6;1.9999988010210656;1.0000005994898267;834020;138;0.9854915775834143;0.016589636743584477;0.9854915775834143;0.016589636743584477;0.0;2.3980240282007626E-6;2.3980240282007626E-6;9.14846166758591E-4;2.3980240282007626E-6;1.1990120141003813E-5;2;2.3980240282007626E-6;2;2.3980240282007626E-6;763;9.14846166758591E-4;2;2.3980240282007626E-6;10;1.1990120141003813E-5;SRR17281105.342905;0.9854915775834143;0.016589636743584477;0.9854915775834143;0.016589636743584477;
150;Borrelia turicatae;species;142;2;2;2;2;2;1.0;1;2;800;400.0;4.413130829470005E-6;1.9999977934423496;1.0000011032800424;453193;138;0.9970352564102565;0.001246502338447039;0.9970352564102565;0.001246502338447039;0.0;4.413130829470005E-6;4.413130829470005E-6;0.001765252331788002;4.413130829470005E-6;4.413130829470005E-6;2;4.413130829470005E-6;2;4.413130829470005E-6;800;0.001765252331788002;2;4.413130829470005E-6;2;4.413130829470005E-6;SRR17281105.559630;0.9970352564102565;0.001246502338447039;0.9970352564102565;0.001246502338447039;
151;Borrelia anserina;species;143;0;0;1;1;1;1.0;1;1;0;;1.0997011012406828E-6;1.0000000000471543;0.9999999999528457;909338;138;;;;;;0.0;1.0997011012406828E-6;0.0;1.0997011012406828E-6;0.0;0;0.0;1;1.0997011012406828E-6;0;0.0;1;1.0997011012406828E-6;0;0.0;SRR17281105.399869;;;;;
152;Borrelia coriaceae;species;144;1;8;1;1;1;1.0;1;1;1749;1749.0;6.86601453260636E-7;0.9999999999816824;1.0000000000183176;1456449;138;0.995346131471786;;0.995346131471786;;;6.86601453260636E-7;6.86601453260636E-7;0.0012008659417528523;6.86601453260636E-7;5.492811626085088E-6;1;6.86601453260636E-7;1;6.86601453260636E-7;1749;0.0012008659417528523;1;6.86601453260636E-7;8;5.492811626085088E-6;SRR17281105.143086;0.995346131471786;;0.995346131471786;;
153;Borrelia crocidurae;species;29520;0;0;0;0;0;;0;0;0;;0.0;0.0;;236315;138;;;;;;0.0;0.0;0.0;0.0;0.0;0;0.0;1;2.5320494154763924E-6;0;0.0;1;2.5320494154763924E-6;0;0.0;;;;;;
154;Borrelia crocidurae DOU;strain;1293575;0;0;1;1;1;1.0;1;1;0;;2.5320494154763924E-6;0.9999999999979687;1.0000000000020313;394937;29520;;;;;;0.0;2.5320494154763924E-6;0.0;2.5320494154763924E-6;0.0;0;0.0;1;2.5320494154763924E-6;0;0.0;1;2.5320494154763924E-6;0;0.0;SRR17281105.312439;;;;;
155;Borrelia miyamotoi;species;47466;2;100;86;86;6;14.333333333333334;45;2;1112;556.0;2.8073785743478722E-5;85.99880687000655;1.0000138737970545;3063356;138;0.8999782229965156;0.10862219587303863;0.8999782229965156;0.10862219587303863;15.920636503188767;6.528787382204353E-7;2.8073785743478722E-5;3.6300057845056207E-4;6.528787382204353E-7;3.2643936911021766E-5;2;6.528787382204353E-7;86;2.8073785743478722E-5;1112;3.6300057845056207E-4;2;6.528787382204353E-7;100;3.2643936911021766E-5;SRR17281105.955017;0.8999782229965156;0.10862219587303863;0.8999782229965156;0.10862219587303863;
156;Candidatus Borrelia fainii;species;2518322;1;6;1;1;1;1.0;1;1;342;342.0;1.729293013137439E-6;0.9999999999897057;1.0000000000102944;578271;138;0.9807692307692307;;0.9807692307692307;;;1.729293013137439E-6;1.729293013137439E-6;5.914182104930041E-4;1.729293013137439E-6;1.0375758078824634E-5;1;1.729293013137439E-6;1;1.729293013137439E-6;342;5.914182104930041E-4;1;1.729293013137439E-6;6;1.0375758078824634E-5;SRR17281105.422066;0.9807692307692307;;0.9807692307692307;;
157;unclassified Borrelia;no rank;2649934;0;0;0;0;0;;0;0;0;;0.0;0.0;;840859;138;;;;;;0.0;0.0;0.0;0.0;0.0;0;0.0;1;1.2467553192815697E-6;0;0.0;1;1.2467553192815697E-6;0;0.0;;;;;;
158;Borrelia sp. HM;species;1882662;0;0;1;1;1;1.0;1;1;0;;1.2467553192815697E-6;1.0000000000287341;0.9999999999712659;802082;2649934;;;;;;0.0;1.2467553192815697E-6;0.0;1.2467553192815697E-6;0.0;0;0.0;1;1.2467553192815697E-6;0;0.0;1;1.2467553192815697E-6;0;0.0;SRR17281105.468333;;;;;
159;Borreliella;genus;64895;99;3962;27815;27257;2090;13.308612440191387;150;406;41220;416.3636363636364;0.0042211134342351395;27755.181129688728;0.9820508780915199;6457301;1643685;0.8935966825839924;0.0799880091482236;0.8937424393966946;0.08002313608973997;13.279265484310987;1.533148292142491E-5;0.0043075272470649885;0.006383471980011463;6.287456632422742E-5;6.13569043784702E-4;438;0.0037024515091589336;38315;0.031033100184547805;287150;3.740585092754044;918;0.0043650876212390265;41812;0.6780404009245867;SRR17281105.738860;0.8549816908037858;0.09010291377716259;0.8563313445307575;0.08925538429129136;
160;Borreliella burgdorferi;species;139;284;32575;9807;9559;928;10.567887931034482;110;307;205976;725.2676056338029;0.005484373637369245;9779.464139570686;0.977456419245036;1742952;64895;0.8372136267029229;0.08974510433527491;0.8388577122678941;0.08871161057833829;10.145102764263127;1.6294195135609012E-4;0.005626660975173154;0.11817651891733105;1.7613795445887208E-4;0.018689556568396604;301;0.0036434348589456642;9886;0.02408595736500363;225883;3.708940859915463;326;0.0038155089488802582;35706;0.6747270383624542;SRR17281105.526125;0.837523836121765;0.08897547937488415;0.8392146385594763;0.08798771368245077;
161;Borreliella burgdorferi 156a;strain;445983;2;783;12;12;2;6.0;9;2;2781;1390.5;0.005819592628516004;11.968043926383544;1.002670116671782;2062;139;0.80203189166031;0.18796010858898984;0.803549671365427;0.18581364394531866;4.242640687119285;9.699321047526673E-4;0.005819592628516004;1.3486905916585838;9.699321047526673E-4;0.3797284190106692;2;9.699321047526673E-4;12;0.005819592628516004;2781;1.3486905916585838;2;9.699321047526673E-4;783;0.3797284190106692;SRR17281105.738860;0.80203189166031;0.18796010858898984;0.803549671365427;0.18581364394531866;
162;Borreliella burgdorferi 118a;strain;476210;1;23;2;2;2;1.0;1;2;293;293.0;2.4180872929512756E-4;1.9998790956347234;1.0000604558373256;8271;139;0.9125475285171103;;0.9125475285171103;;0.0;1.2090436464756378E-4;2.4180872929512756E-4;0.035424978841736184;2.4180872929512756E-4;0.002780800386893967;1;1.2090436464756378E-4;2;2.4180872929512756E-4;293;0.035424978841736184;2;2.4180872929512756E-4;23;0.002780800386893967;SRR17281105.368043;0.9125475285171103;;0.9125475285171103;;
163;Borreliella burgdorferi WI91-23;strain;498737;2;222;16;16;2;8.0;14;2;1270;635.0;0.002824858757062147;15.978831005182215;1.0013248149887135;5664;139;0.8360555328705594;0.06596233494642448;0.8366309068636549;0.06514863324195441;8.48528137423857;3.5310734463276836E-4;0.002824858757062147;0.2242231638418079;3.5310734463276836E-4;0.03919491525423729;2;3.5310734463276836E-4;16;0.002824858757062147;1270;0.2242231638418079;2;3.5310734463276836E-4;222;0.03919491525423729;SRR17281105.183833;0.8360555328705594;0.06596233494642448;0.8366309068636549;0.06514863324195441;
164;Borreliella burgdorferi 29805;strain;498738;2;264;18;18;2;9.0;10;2;1531;765.5;0.0071315372424722665;17.939509832231565;1.0033718963524718;2524;139;0.8443959911748911;0.053024201722011825;0.8448068375183586;0.05244317725103018;1.4142135623730951;7.92393026941363E-4;0.0071315372424722665;0.6065768621236133;7.92393026941363E-4;0.1045958795562599;2;7.92393026941363E-4;18;0.0071315372424722665;1531;0.6065768621236133;2;7.92393026941363E-4;264;0.1045958795562599;SRR17281105.808823;0.8443959911748911;0.053024201722011825;0.8448068375183586;0.05244317725103018;
165;Borreliella burgdorferi CA-11.2A;strain;498739;1;106;2;2;1;2.0;2;1;1607;1607.0;0.001189767995240928;1.9994051160022497;1.0002975304969408;1681;139;0.9327837666455295;;0.9327837666455295;;;5.94883997620464E-4;0.001189767995240928;0.9559785841760856;5.94883997620464E-4;0.06305770374776919;1;5.94883997620464E-4;2;0.001189767995240928;1607;0.9559785841760856;1;5.94883997620464E-4;106;0.06305770374776919;SRR17281105.741129;0.9327837666455295;;0.9327837666455295;;
166;Borreliella burgdorferi 64b;strain;498740;1;59;1;1;1;1.0;1;1;286;286.0;4.3271311120726956E-4;1.0000000000000577;0.9999999999999423;2311;139;0.76953125;;0.76953125;;;4.3271311120726956E-4;4.3271311120726956E-4;0.1237559498052791;4.3271311120726956E-4;0.025530073561228904;1;4.3271311120726956E-4;1;4.3271311120726956E-4;286;0.1237559498052791;1;4.3271311120726956E-4;59;0.025530073561228904;SRR17281105.1102924;0.76953125;;0.76953125;;
167;Borreliella burgdorferi JD1;strain;521008;3;389;14;14;4;3.5;9;4;2690;896.6666666666666;5.31632110579479E-4;13.9965449161289;1.0002468526262591;26334;139;0.8375246252162215;0.11759940837049407;0.8426899144724197;0.11819522319097883;3.7859388972001824;1.139211665527455E-4;5.31632110579479E-4;0.10214931267562846;1.51894888736994E-4;0.014771777929672667;3;1.139211665527455E-4;14;5.31632110579479E-4;2690;0.10214931267562846;4;1.51894888736994E-4;389;0.014771777929672667;SRR17281105.896010;0.8375246252162215;0.11759940837049407;0.8426899144724197;0.11819522319097883;
168;Borreliella burgdorferi CA8;strain;747491;5;1285;14;14;5;2.8;8;5;9449;1889.8;2.8738581545725134E-4;13.998132145608661;1.0001334359735934;48715;139;0.8467202873596656;0.027890916534512755;0.8510217604491244;0.029885436369626022;3.03315017762062;1.0263779123473263E-4;2.8738581545725134E-4;0.19396489787539772;1.0263779123473263E-4;0.026377912347326286;5;1.0263779123473263E-4;14;2.8738581545725134E-4;9449;0.19396489787539772;5;1.0263779123473263E-4;1285;0.026377912347326286;SRR17281105.59800;0.8467202873596656;0.027890916534512755;0.8510217604491244;0.029885436369626022;
169;Borreliella afzelii;species;29518;2;24;18;18;11;1.6363636363636365;3;9;1027;513.5;1.8975372075420777E-5;17.999838710400866;1.0000089606135771;948598;64895;0.9765142709544105;0.02367981252249778;0.9765142709544105;0.02367981252249778;0.8090398349558906;2.1083746750467534E-6;1.8975372075420777E-5;0.0010826503956365078;9.487686037710389E-6;2.5300496100561037E-5;2;2.1083746750467534E-6;18;1.8975372075420777E-5;1027;0.0010826503956365078;9;9.487686037710389E-6;24;2.5300496100561037E-5;SRR17281105.59800;0.9765142709544105;0.02367981252249778;0.9765142709544105;0.02367981252249778;
170;Borreliella garinii;species;29519;6;265;42;42;16;2.625;7;16;2675;445.8333333333333;1.742625788538169E-5;41.999642768534486;1.000008505583428;2410156;64895;0.8965109605935201;0.06847978931096177;0.8965109605935201;0.06847978931096177;2.187083293643233;2.489465412197385E-6;1.742625788538169E-5;0.0011098866629380008;6.63857443252636E-6;1.0995138903871783E-4;6;2.489465412197385E-6;56;0.0018341190160363753;2675;0.0011098866629380008;18;2.542421983355819E-4;265;1.0995138903871783E-4;SRR17281105.584185;0.8965109605935201;0.06847978931096177;0.8965109605935201;0.06847978931096177;
171;Borreliella garinii Far04;strain;519049;0;0;8;8;1;8.0;8;1;0;;0.0013242840589306405;7.995366539987318;1.000579518148356;6041;29519;;;;;;0.0;0.0013242840589306405;0.0;1.6553550736633007E-4;0.0;0;0.0;8;0.0013242840589306405;0;0.0;1;1.6553550736633007E-4;0;0.0;SRR17281105.843518;;;;;
172;Borreliella garinii IPT108;strain;1408841;0;0;6;6;1;6.0;6;1;0;;4.924086992203529E-4;5.998769112950445;1.000205189935865;12185;29519;;;;;;0.0;4.924086992203529E-4;0.0;8.206811653672549E-5;0.0;0;0.0;6;4.924086992203529E-4;0;0.0;1;8.206811653672549E-5;0;0.0;SRR17281105.480982;;;;;
173;Borreliella japonica;species;34095;2;34;22;22;7;3.142857142857143;12;7;688;344.0;2.3651743133468937E-5;21.999751657787854;1.000011288409797;930164;64895;0.9369550497421741;0.07753535057835759;0.9369550497421741;0.07753535057835759;4.0178174601214955;2.1501584666789944E-6;2.3651743133468937E-5;7.39654512537574E-4;7.5255546333764795E-6;3.65526939335429E-5;2;2.1501584666789944E-6;22;2.3651743133468937E-5;688;7.39654512537574E-4;7;7.5255546333764795E-6;34;3.65526939335429E-5;SRR17281105.638398;0.9369550497421741;0.07753535057835759;0.9369550497421741;0.07753535057835759;
174;Borreliella andersonii;species;42109;2;123;34;34;14;2.4285714285714284;9;12;827;413.5;3.489022406707133E-5;33.99942431598516;1.000016932169483;974485;64895;0.8169232788032543;0.10958268418090994;0.8197190388709066;0.108556860766101;2.344036154692477;2.052366121592431E-6;3.489022406707133E-5;8.486533912784701E-4;1.2314196729554586E-5;1.262205164779345E-4;2;2.052366121592431E-6;34;3.489022406707133E-5;827;8.486533912784701E-4;12;1.2314196729554586E-5;123;1.262205164779345E-4;SRR17281105.113831;0.8169232788032543;0.10958268418090994;0.8197190388709066;0.108556860766101;
175;Borreliella tanukii;species;56146;0;0;23;23;7;3.2857142857142856;6;7;0;;2.771037596956196E-5;22.999695187614353;1.000013252888056;830014;64895;;;;;1.799470821684875;0.0;2.771037596956196E-5;0.0;8.433592686388422E-6;0.0;0;0.0;23;2.771037596956196E-5;0;0.0;7;8.433592686388422E-6;0;0.0;SRR17281105.979910;;;;;
176;Borreliella turdi;species;57863;1;21;30;30;7;4.285714285714286;15;7;262;262.0;2.1436993104433886E-5;29.99968916503473;1.000010361272864;1399450;64895;0.9094827586206896;;0.9094827586206896;;5.55920515044749;7.145664368144629E-7;2.1436993104433886E-5;1.8721640644538926E-4;5.0019650577012394E-6;1.500589517310372E-5;1;7.145664368144629E-7;30;2.1436993104433886E-5;262;1.8721640644538926E-4;7;5.0019650577012394E-6;21;1.500589517310372E-5;SRR17281105.59800;0.9094827586206896;;0.9094827586206896;;
177;Borreliella valaisiana;species;62088;3;195;25;25;11;2.272727272727273;8;11;1319;439.6666666666667;2.1796673653227127E-5;24.99973844041304;1.0000104624929411;1146964;64895;0.8756924304001622;0.14583812027589305;0.876285550210364;0.14484907741469266;2.101947149236112;2.6156008383872553E-6;2.1796673653227127E-5;0.0011499925019442634;9.590536407419936E-6;1.700140544951716E-4;3;2.6156008383872553E-6;25;2.1796673653227127E-5;1319;0.0011499925019442634;11;9.590536407419936E-6;195;1.700140544951716E-4;SRR17281105.638398;0.8756924304001622;0.14583812027589305;0.876285550210364;0.14484907741469266;
178;Borreliella bissettiae;species;64897;1;43;17;17;4;4.25;10;4;509;509.0;3.709603508848495E-5;16.99970323454348;1.0000174570963047;458270;64895;0.9102296450939458;;0.9102296450939458;;4.272001872658765;2.18211971108735E-6;3.709603508848495E-5;0.0011106989329434612;8.7284788443494E-6;9.383114757675606E-5;1;2.18211971108735E-6;17;3.709603508848495E-5;509;0.0011106989329434612;4;8.7284788443494E-6;43;9.383114757675606E-5;SRR17281105.1078917;0.9102296450939458;;0.9102296450939458;;
179;Borreliella sinica;species;87162;1;96;11;11;3;3.6666666666666665;9;3;689;689.0;1.418569591800152E-5;10.99992907175991;1.0000064480634037;775429;64895;0.842185128983308;;0.8543247344461306;;4.618802153517006;1.2896087198183199E-6;1.418569591800152E-5;8.885404079548224E-4;3.86882615945496E-6;1.2380243710255872E-4;1;1.2896087198183199E-6;11;1.418569591800152E-5;689;8.885404079548224E-4;3;3.86882615945496E-6;96;1.2380243710255872E-4;SRR17281105.613925;0.842185128983308;;0.8543247344461306;;
180;Borreliella spielmanii;species;88916;0;0;10;10;5;2.0;4;5;0;;1.2722403516472333E-5;9.999942749225138;1.000005725110263;786015;64895;;;;;1.4142135623730951;0.0;1.2722403516472333E-5;0.0;6.361201758236166E-6;0.0;0;0.0;10;1.2722403516472333E-5;0;0.0;5;6.361201758236166E-6;0;0.0;SRR17281105.699328;;;;;
181;Borreliella lusitaniae;species;100177;1;52;50;50;10;5.0;27;8;262;262.0;4.21841252699784E-5;49.9989665037549;1.0000206703521566;1185280;64895;0.7758620689655172;;0.7758620689655172;;7.930251502246879;8.43682505399568E-7;4.21841252699784E-5;2.2104481641468682E-4;6.749460043196544E-6;4.387149028077754E-5;1;8.43682505399568E-7;50;4.21841252699784E-5;262;2.2104481641468682E-4;8;6.749460043196544E-6;52;4.387149028077754E-5;SRR17281105.137475;0.7758620689655172;;0.7758620689655172;;
182;Borreliella lanei;species;373540;0;0;14;14;5;2.8;9;5;0;;3.245421058609986E-5;13.999789049372598;1.0000150681290023;431377;64895;;;;;3.492849839314596;0.0;3.245421058609986E-5;0.0;1.1590789495035664E-5;0.0;0;0.0;14;3.245421058609986E-5;0;0.0;5;1.1590789495035664E-5;0;0.0;SRR17281105.966443;;;;;
183;Borreliella californiensis;species;373543;0;0;17;17;9;1.8888888888888888;5;8;0;;3.0258640176710458E-5;16.99975793292529;1.0000142394424476;561823;64895;;;;;1.3642254619787415;0.0;3.0258640176710458E-5;0.0;1.4239360083157863E-5;0.0;0;0.0;17;3.0258640176710458E-5;0;0.0;8;1.4239360083157863E-5;0;0.0;SRR17281105.48902;;;;;
184;Borreliella carolinensis;species;478174;2;367;57;57;16;3.5625;24;15;3314;1657.0;9.329610218705704E-5;56.997387786729426;1.0000458304033222;610958;64895;0.9208324343408587;0.06204642520675836;0.9226663789890748;0.059452835812609295;5.7034346377131975;3.2735474451598962E-6;9.329610218705704E-5;0.005424268116629948;2.4551605838699225E-5;6.00695956186841E-4;2;3.2735474451598962E-6;57;9.329610218705704E-5;3314;0.005424268116629948;15;2.4551605838699225E-5;367;6.00695956186841E-4;SRR17281105.1011966;0.9208324343408587;0.06204642520675836;0.9226663789890748;0.059452835812609295;
185;Borreliella americana;species;478807;3;243;49;49;15;3.2666666666666666;13;14;1432;477.3333333333333;4.807866847599452E-5;48.998846129911115;1.0000235489236997;1019163;64895;0.8541404690386014;0.1309528455223827;0.8572067575887611;0.12925703149577747;3.594970031002974;2.9435919475098683E-6;4.807866847599452E-5;0.0014050745562780439;1.3736762421712718E-5;2.3843094774829933E-4;3;2.9435919475098683E-6;49;4.807866847599452E-5;1432;0.0014050745562780439;14;1.3736762421712718E-5;243;2.3843094774829933E-4;SRR17281105.383984;0.8541404690386014;0.1309528455223827;0.8572067575887611;0.12925703149577747;
186;Borreliella finlandensis;species;498741;6;403;92;85;23;4.0;26;21;3749;624.8333333333334;1.6972673994868263E-4;91.99164195823222;0.9239969870153345;500805;64895;0.8884179691608541;0.0652318089926456;0.8938889116443701;0.06874577186018782;5.624621199366553;1.1980711055201126E-5;1.837042361797506E-4;0.007485947624324837;4.1932488693203943E-5;8.047044258743424E-4;6;1.1980711055201126E-5;92;1.837042361797506E-4;3749;0.007485947624324837;21;4.1932488693203943E-5;403;8.047044258743424E-4;SRR17281105.691583;0.8884179691608541;0.0652318089926456;0.8938889116443701;0.06874577186018782;
187;Borreliella bavariensis;species;664662;6;210;19;19;9;2.111111111111111;7;9;2533;422.1666666666667;1.2683620439320558E-5;18.999885846314413;1.0000060081248126;1497995;64895;0.9116498194114752;0.10124667281336519;0.9120804826328359;0.10027400157905382;1.964971020425266;4.005353822943334E-6;1.2683620439320558E-5;0.0016909268722525776;6.008030734415001E-6;1.401873838030167E-4;6;4.005353822943334E-6;19;1.2683620439320558E-5;2533;0.0016909268722525776;9;6.008030734415001E-6;210;1.401873838030167E-4;SRR17281105.114632;0.9116498194114752;0.10124667281336519;0.9120804826328359;0.10027400157905382;
188;Borreliella yangtzensis;species;683292;0;0;12;12;7;1.7142857142857142;4;7;0;;9.976289684849009E-6;11.999945130829897;1.0000045724517492;1202852;64895;;;;;1.1126972805283735;0.0;9.976289684849009E-6;0.0;5.819502316161922E-6;0.0;0;0.0;12;9.976289684849009E-6;0;0.0;7;5.819502316161922E-6;0;0.0;SRR17281105.406525;;;;;
189;Borreliella kurtenbachii;species;1196056;2;68;49;49;12;4.083333333333333;15;10;761;380.5;1.2338249328320815E-4;48.99703893708533;1.0000604335073895;397139;64895;0.9060267304677831;0.03709670837031258;0.9060267304677831;0.03709670837031258;4.0330077504452575;5.036020134008496E-6;1.2338249328320815E-4;0.0019162056609902326;2.518010067004248E-5;1.7122468455628886E-4;2;5.036020134008496E-6;49;1.2338249328320815E-4;761;0.0019162056609902326;10;2.518010067004248E-5;68;1.7122468455628886E-4;SRR17281105.112122;0.9060267304677831;0.03709670837031258;0.9060267304677831;0.03709670837031258;
190;Borreliella mayonii;species;1674146;0;0;9;9;6;1.5;3;6;0;;1.7012653633713787E-5;8.99993194972979;1.0000075611983057;529018;64895;;;;;0.8366600265340756;0.0;1.7012653633713787E-5;0.0;1.1341769089142524E-5;0.0;0;0.0;9;1.7012653633713787E-5;0;0.0;6;1.1341769089142524E-5;0;0.0;SRR17281105.574598;;;;;
191;PVC group;clade;1783257;0;0;0;0;0;;0;0;0;;0.0;0.0;;315;3379134;;;;;;0.0;0.0;0.0;0.0;0.0;3;3.6725093218592004E-4;7;7.361105849242103E-4;1356;0.16056104979010372;3;3.6725093218592004E-4;25;0.007288713424385441;;0.9800076862802168;0.025384412556548032;0.9800076862802168;0.025384412556548032;
192;Chlamydiota;phylum;204428;0;0;0;0;0;;0;0;0;;;0.0;;0;1783257;;;;;;;;;;;3;3.6725093218592004E-4;7;7.361105849242103E-4;1356;0.16056104979010372;3;3.6725093218592004E-4;25;0.007288713424385441;;0.9800076862802168;0.025384412556548032;0.9800076862802168;0.025384412556548032;
193;Chlamydiia;class;204429;0;0;0;0;0;;0;0;0;;0.0;0.0;;1716;204428;;;;;;0.0;0.0;0.0;0.0;0.0;3;3.6725093218592004E-4;7;7.361105849242103E-4;1356;0.16056104979010372;3;3.6725093218592004E-4;25;0.007288713424385441;;0.9800076862802168;0.025384412556548032;0.9800076862802168;0.025384412556548032;
194;Chlamydiales;order;51291;0;0;0;0;0;;0;0;0;;0.0;0.0;;1054;204429;;;;;;0.0;0.0;0.0;0.0;0.0;3;3.6725093218592004E-4;7;7.361105849242103E-4;1356;0.16056104979010372;3;3.6725093218592004E-4;25;0.007288713424385441;;0.9800076862802168;0.025384412556548032;0.9800076862802168;0.025384412556548032;
195;Chlamydiaceae;family;809;0;0;0;0;0;;0;0;0;;0.0;0.0;;3218;51291;;;;;;0.0;0.0;0.0;0.0;0.0;3;3.6725093218592004E-4;7;7.361105849242103E-4;1356;0.16056104979010372;3;3.6725093218592004E-4;25;0.007288713424385441;;0.9800076862802168;0.025384412556548032;0.9800076862802168;0.025384412556548032;
196;Chlamydia/Chlamydophila group;no rank;1113537;0;0;0;0;0;;0;0;0;;;0.0;;0;809;;;;;;;;;;;3;3.6725093218592004E-4;7;7.361105849242103E-4;1356;0.16056104979010372;3;3.6725093218592004E-4;25;0.007288713424385441;;0.9800076862802168;0.025384412556548032;0.9800076862802168;0.025384412556548032;
197;Chlamydia;genus;810;0;0;0;0;0;;0;0;0;;0.0;0.0;;4190012;1113537;;;;;;0.0;0.0;0.0;0.0;0.0;3;3.6725093218592004E-4;7;7.361105849242103E-4;1356;0.16056104979010372;3;3.6725093218592004E-4;25;0.007288713424385441;;0.9800076862802168;0.025384412556548032;0.9800076862802168;0.025384412556548032;
198;Chlamydia trachomatis;species;813;0;0;0;0;0;;0;0;0;;0.0;0.0;;1590936;810;;;;;;0.0;0.0;0.0;0.0;0.0;1;3.6403349108117945E-4;2;7.280669821623589E-4;437;0.15908263560247543;1;3.6403349108117945E-4;20;0.0072806698216235895;;0.9508599508599509;;0.9508599508599509;;
199;Chlamydia trachomatis I/UW-12/UR;strain;596780;1;20;2;2;1;2.0;2;1;437;437.0;7.280669821623589E-4;1.9996359665087142;1.00018204988177;2747;813;0.9508599508599509;;0.9508599508599509;;;3.6403349108117945E-4;7.280669821623589E-4;0.15908263560247543;3.6403349108117945E-4;0.0072806698216235895;1;3.6403349108117945E-4;2;7.280669821623589E-4;437;0.15908263560247543;1;3.6403349108117945E-4;20;0.0072806698216235895;SRR17281105.472468;0.9508599508599509;;0.9508599508599509;;
200;Chlamydia psittaci;species;83554;2;5;5;5;2;2.5;4;2;919;459.5;8.043602761851444E-6;4.999983912704614;1.000003217469429;621612;810;0.99458155399035;0.0037882821286841567;0.99458155399035;0.0037882821286841567;2.1213203435596424;3.2174411047405778E-6;8.043602761851444E-6;0.0014784141876282954;3.2174411047405778E-6;8.043602761851444E-6;2;3.2174411047405778E-6;5;8.043602761851444E-6;919;0.0014784141876282954;2;3.2174411047405778E-6;5;8.043602761851444E-6;SRR17281105.255776;0.99458155399035;0.0037882821286841567;0.99458155399035;0.0037882821286841567;
