fastq key;sample;reads;classified unrefined;classified refined;obs genus only;obs genus only share;ungated precision unrefined;ungated precision refined;rho u;rho f;est prec g u;est prec g f;
ERR3606885;ERR3606885;351499;10657;10657;562;5.2735291357793;0.002430946516167004;0.011449004115712648;0.9510522247160624;0.9500269601342074;0.0023119570923663905;0.010876862576614516;
ERR3606886;ERR3606886;110884;15925;15925;7210;45.27472527472528;0.0024287972950078084;0.006586393099136258;0.9510522247160624;0.9500269601342074;0.0023099130708015307;0.00625725101422134;
ERR3606887;ERR3606887;158905;4654;4654;3;0.06446067898581866;0.0024271844660194173;0.16842568161829377;0.9510522247160624;0.9500269601342074;0.002308379186204035;0.16000893831635948;
ERR3606888;ERR3606888;3909;324;324;254;78.39506172839506;0.002427184466019417;0.4311239366372056;0.9510522247160624;0.9500269601342074;0.0023083791862040346;0.40957936296453706;
ERR3606889;ERR3606889;136886;7531;7531;1742;23.131058292391447;0.002429005021860068;0.006500729838044718;0.9510522247160624;0.9500269601342074;0.0023101106298865056;0.006175868606691362;
ERR3606890;ERR3606890;511331;21573;21573;6909;32.02614379084967;0.0024273374745722542;0.2095747438392268;0.9510522247160624;0.9500269601342074;0.002308524705328611;0.19910165681048586;
ERR3606891;ERR3606891;182493;12097;12097;2519;20.823344630900223;0.0024284434609675764;0.32712617124616794;0.9510522247160624;0.9500269601342074;0.0023095765561503877;0.3107786820493391;
ERR3606892;ERR3606892;1605453;15420;15420;210;1.3618677042801557;0.002427184466019417;0.017073732271110344;0.9510522247160624;0.9500269601342074;0.0023083791862040346;0.01622050596766828;
ERR3606893;ERR3606893;695532;7015;7015;22;0.3136136849607983;0.002427184466019417;0.3028984465563397;0.9510522247160624;0.9500269601342074;0.0023083791862040346;0.28776169041129307;
ERR3606894;ERR3606894;920771;9259;9259;7;0.07560211685927205;0.002427184466019417;0.002697547545631635;0.9510522247160624;0.9500269601342074;0.0023083791862040346;0.0025627428945939144;
ERR3606895;ERR3606895;1131155;11639;11639;7;0.060142623936764325;0.0024271844660194173;0.026119881915030164;0.9510522247160624;0.9500269601342074;0.002308379186204035;0.024814592014800567;
ERR3606896;ERR3606896;855924;6815;6815;19;0.27879677182685253;0.0024271844660194173;0.01128112305460012;0.9510522247160624;0.9500269601342074;0.002308379186204035;0.010717371042461676;
ERR3606897;ERR3606897;1455238;18915;18915;401;2.120010573618821;0.0024350932148334203;0.005411737192295092;0.9510522247160624;0.9500269601342074;0.002315900819358313;0.005141296233841337;
ERR3606898;ERR3606898;1335331;33870;33870;8681;25.630351343371714;0.0024307159654610657;0.0036662218944301904;0.9510522247160624;0.9500269601342074;0.002311737826604598;0.003483009641542989;
