rank;childdeg-avg;childdeg-stddev;childdeg-min;childdeg-q1;childdeg-median;childdeg-q3;childdeg-max;kmerdeg-avg;kmerdeg-stddev;kmerdeg-min;kmerdeg-q1;kmerdeg-median;kmerdeg-q3;kmerdeg-max;1-avg;1-stddev;1-q1;1-median;1-q3;2-avg;2-stddev;2-q1;2-median;2-q3;3-avg;3-stddev;3-q1;3-median;3-q3;4-avg;4-stddev;4-q1;4-median;4-q3;5-avg;5-stddev;5-q1;5-median;5-q3;6-avg;6-stddev;6-q1;6-median;6-q3;7-avg;7-stddev;7-q1;7-median;7-q3;8-avg;8-stddev;8-q1;8-median;8-q3;9-avg;9-stddev;9-q1;9-median;9-q3;10-avg;10-stddev;10-q1;10-median;10-q3;
domain;2.00000000;0.00000000;2.00000000;2.00000000;2.00000000;2.00000000;2.00000000;2.00000000;0.00000000;2.00000000;2.00000000;2.00000000;2.00000000;2.00000000;0.00000000;0.00000000;0.00000000;0.00000000;0.00000000;1.00000000;0.00000000;1.00000000;1.00000000;1.00000000;;;;;;;;;;;;;;;;;;;;;;;;;;;;;;;;;;;;;;;;;
kingdom;3.00000000;0.00000000;3.00000000;3.00000000;3.00000000;3.00000000;3.00000000;2.02725574;0.00000000;2.02725574;2.02725574;2.02725574;2.02725574;2.02725574;0.00000000;0.00000000;0.00000000;0.00000000;0.00000000;0.97274426;0.00000000;0.97274426;0.97274426;0.97274426;0.02725574;0.00000000;0.02725574;0.02725574;0.02725574;;;;;;;;;;;;;;;;;;;;;;;;;;;;;;;;;;;;
phylum;2.00000000;0.00000000;2.00000000;2.00000000;2.00000000;2.00000000;2.00000000;2.00000000;0.00000000;2.00000000;2.00000000;2.00000000;2.00000000;2.00000000;0.00000000;0.00000000;0.00000000;0.00000000;0.00000000;1.00000000;0.00000000;1.00000000;1.00000000;1.00000000;;;;;;;;;;;;;;;;;;;;;;;;;;;;;;;;;;;;;;;;;
class;2.00000000;0.00000000;2.00000000;2.00000000;2.00000000;2.00000000;2.00000000;2.00000000;0.00000000;2.00000000;2.00000000;2.00000000;2.00000000;2.00000000;0.00000000;0.00000000;0.00000000;0.00000000;0.00000000;1.00000000;0.00000000;1.00000000;1.00000000;1.00000000;;;;;;;;;;;;;;;;;;;;;;;;;;;;;;;;;;;;;;;;;
order;2.00000000;0.00000000;2.00000000;2.00000000;2.00000000;2.00000000;2.00000000;2.00000000;0.00000000;2.00000000;2.00000000;2.00000000;2.00000000;2.00000000;0.00000000;0.00000000;0.00000000;0.00000000;0.00000000;1.00000000;0.00000000;1.00000000;1.00000000;1.00000000;;;;;;;;;;;;;;;;;;;;;;;;;;;;;;;;;;;;;;;;;
family;2.00000000;0.00000000;2.00000000;2.00000000;2.00000000;2.00000000;2.00000000;2.00000000;0.00000000;2.00000000;2.00000000;2.00000000;2.00000000;2.00000000;0.00000000;0.00000000;0.00000000;0.00000000;0.00000000;1.00000000;0.00000000;1.00000000;1.00000000;1.00000000;;;;;;;;;;;;;;;;;;;;;;;;;;;;;;;;;;;;;;;;;
genus;20.63636364;15.99018294;3.00000000;8.00000000;20.00000000;22.00000000;55.00000000;2.86380951;0.58676319;2.11081704;2.29136802;2.93367346;3.24613064;3.92759375;0.00000000;0.00000000;0.00000000;0.00000000;0.00000000;0.52009882;0.25227360;0.35579808;0.42412077;0.75954089;0.28994833;0.15869740;0.20374940;0.29232485;0.33300110;0.11941577;0.07498474;0.06942630;0.12351724;0.15776043;0.04818207;0.03922796;0.01246993;0.05302412;0.06631641;0.02218600;0.02055412;0.00393724;0.01635569;0.03594946;0.01123733;0.01126989;0.00110099;0.00477612;0.01781185;0.00724029;0.00684220;0.00116934;0.00547989;0.01126568;0.00408903;0.00463427;0.00030120;0.00236058;0.00568151;0.00291312;0.00338102;0.00040187;0.00132897;0.00444261;
species group;9.60000000;10.81850267;2.00000000;4.00000000;4.00000000;7.00000000;31.00000000;3.23576310;1.53423079;2.00000000;2.61738287;2.62290340;2.67466619;6.26386305;0.00000000;0.00000000;0.00000000;0.00000000;0.00000000;0.51385844;0.26507391;0.35550412;0.48900775;0.50971355;0.41017039;0.13577621;0.32824932;0.39318361;0.47510468;0.09279288;0.04683406;0.05660887;0.09901934;0.13520335;0.04968674;0.03835327;0.03051011;0.04968674;0.06886337;0.02692343;0.02306806;0.01538940;0.02692343;0.03845746;0.01592715;0.01424320;0.00880556;0.01592715;0.02304875;0.02169437;0.00000000;0.02169437;0.02169437;0.02169437;0.01817153;0.00000000;0.01817153;0.01817153;0.01817153;0.01766271;0.00000000;0.01766271;0.01766271;0.01766271;
species;5.14583333;8.69384261;2.00000000;2.00000000;3.00000000;5.00000000;79.00000000;3.96373929;5.77983659;2.00000000;2.00000000;2.29121072;3.74175222;54.50488132;0.00000000;0.00000000;0.00000000;0.00000000;0.00000000;0.59913765;0.41473030;0.15321364;0.71639961;1.00000000;0.28149807;0.27950101;0.05433086;0.18041965;0.43752212;0.21569745;0.29204206;0.02375892;0.07280105;0.34794959;0.22216790;0.31615189;0.02747313;0.05100279;0.20053752;0.08308062;0.17946786;0.01054887;0.02676927;0.05923662;0.02249447;0.02052158;0.00706018;0.01651386;0.03552748;0.12693789;0.24775545;0.00765344;0.02330346;0.07451076;0.09405662;0.16893974;0.00811158;0.01783760;0.04174517;0.05902483;0.12122189;0.00919124;0.01677037;0.03369118;
subspecies;6.40000000;5.25737577;2.00000000;3.00000000;3.50000000;8.50000000;19.00000000;2.68450483;0.65465915;2.00000000;2.12365852;2.53241604;3.03446112;3.82588107;0.00000000;0.00000000;0.00000000;0.00000000;0.00000000;0.59476627;0.32597274;0.27816378;0.61255151;0.88100711;0.26775790;0.21492832;0.12214195;0.23306474;0.27791170;0.29871037;0.27323973;0.17990839;0.20865129;0.28495340;0.05093026;0.03529443;0.03068236;0.05381783;0.07406573;0.02250971;0.02140353;0.01031957;0.01619894;0.02838907;0.01295644;0.01471640;0.00210830;0.00724979;0.01809793;0.01136916;0.01038437;0.00450166;0.00900332;0.01705374;0.00678839;0.00757784;0.00150055;0.00300111;0.01018259;0.00594618;0.00420870;0.00384183;0.00594618;0.00805053;
strain;2.20000000;0.40000000;2.00000000;2.00000000;2.00000000;2.00000000;3.00000000;2.00645161;0.01290323;2.00000000;2.00000000;2.00000000;2.00000000;2.03225806;0.00000000;0.00000000;0.00000000;0.00000000;0.00000000;0.99354839;0.01290323;1.00000000;1.00000000;1.00000000;0.03225806;0.00000000;0.03225806;0.03225806;0.03225806;;;;;;;;;;;;;;;;;;;;;;;;;;;;;;;;;;;;
