kmers 1; kmers 2;
6;5;
23;0;
3;2;
17;0;
10;0;
4;0;
33;9;
543;2;
231;0;
11;3;
35;32;
3;1;
19;19;
245;0;
14;0;
1075;0;
5;0;
34;0;
18;18;
3;3;
68;0;
12;0;
40;0;
9;0;
1304;76;
6;6;
35359;787;
67;3;
5;5;
0;6;
59;59;
7;0;
1;0;
16;0;
1244;65;
7;7;
3;0;
16;0;
13;13;
7;7;
30;0;
54;0;
249;0;
19;19;
1;0;
1;0;
5;5;
0;1;
19;0;
49;0;
3;0;
0;13;
0;2;
0;6;
6733;6863;
11685;11330;
100;0;
0;3;
32;0;
2;2;
111;2;
17;2;
96554;95998;
9;9;
7;7;
17;17;
2;0;
70;69;
17;11;
121;0;
627;7803;
6;0;
14;14;
265;0;
57;9;
136;12;
61;0;
2;2;
2;0;
1;1;
3;0;
56;0;
48;45;
0;57;
0;40725;
23;23;
7;0;
1;1;
1;1;
11;11;
39;39;
6253;6253;
276;16;
2;2;
34;0;
6230;2564;
419;0;
181;0;
10;1;
23;23;
2;1;
401;6;
210;3;
22;16;
96;30;
8;6;
1;1;
7;0;
13;13;
53;10;
40;40;
5;0;
37;0;
7;0;
18543;18692;
38;21;
95;1;
10;0;
1;0;
45;22;
56;0;
7;0;
1;0;
4;0;
12;0;
12;1;
66;31;
37;1;
103;1;
29;17;
2061;2040;
20;19;
11;9;
12;0;
21;19;
55;0;
113;0;
1;0;
62;0;
0;2;
212;0;
4;4;
2;0;
270;0;
15;0;
5;0;
