name; db 1; temp; db 2; total kmers; moved kmers; moved kmers percent;
babesia;babesia;false;babesia-minupdate;87240752;31761;0.04;
babesia;babesia;true;babesia-minupdate;87240752;2571844;2.95;
borrelia;borrelia;false;borrelia-minupdate;73349410;316491;0.43;
borrelia;borrelia;true;borrelia-minupdate;73349410;19427255;26.49;
borrelia_plasmid;borrelia_plasmid;false;borrelia_plasmid-minupdate;18125295;6125;0.03;
borrelia_plasmid;borrelia_plasmid;true;borrelia_plasmid-minupdate;18125295;3787108;20.89;
chronicb;chronicb;false;chronicb-minupdate;226765827;39444843;17.39;
chronicb;chronicb;true;chronicb-minupdate;226765827;98127945;43.27;
human_virus2;human_virus2;false;human_virus2-minupdate;6789616;274225;4.04;
human_virus2;human_virus2;true;human_virus2-minupdate;6789616;919128;13.54;
parasites;parasites;false;parasites-minupdate;1707040552;2656795;0.16;
parasites;parasites;true;parasites-minupdate;1707040552;6675359;0.39;
plasmopara;plasmopara;false;plasmopara-minupdate;464504366;196461;0.04;
plasmopara;plasmopara;true;plasmopara-minupdate;464504366;1811095;0.39;
protozoa;protozoa;false;protozoa-minupdate;1398497017;2056334;0.15;
protozoa;protozoa;true;protozoa-minupdate;1398497017;146331162;10.46;
vineyard;vineyard;false;vineyard-minupdate;376771718;16822395;4.46;
vineyard;vineyard;true;vineyard-minupdate;376771718;76615659;20.33;
