taxid; rank; kmers 1; kmers 2;
1;null;2892;13630334;
131567;null;57701;1230755;
2;null;1808826;17038113;
1224;null;390780;25530534;
1236;null;411949;17983511;
72273;null;28817;2881;
34064;null;882626;46326;
262;genus;9590693;6521549;
263;species or below;2010975;1729374;
264;species or below;980671;1381805;
401614;species or below;194;113430;
984129;species or below;122919;156631;
1386968;species or below;182811;197041;
1450527;species or below;539;128605;
1452728;species or below;1594;7546;
119856;species or below;17702;13160;
177416;species or below;82;184;
1341656;species or below;1890;1931;
393115;species or below;249;249;
510831;species or below;408;417;
543737;species or below;7578;630;
1001534;species or below;331;635;
1001542;species or below;1319;1361;
1133671;species or below;2833;3109;
119857;species or below;5867049;79574;
351581;species or below;89;89;
376619;species or below;75;159;
393011;species or below;2122;2261;
458234;species or below;55;258;
1232394;species or below;2949;3316;
1086726;species or below;1119108;1349759;
28110;species or below;6445866;3247160;
539329;species or below;2497;382173;
299583;species or below;722755;907952;
1163389;species or below;8705;8868;
1356861;species or below;1493;1668;
1449091;species or below;870;895;
549298;species or below;1909238;1945246;
573569;species or below;288573;494976;
573570;species or below;1868459;1985583;
622488;species or below;2053291;1445149;
1088883;species or below;366807;578699;
1089434;species or below;3762;590032;
1542390;species or below;1411859;1805162;
2007306;species or below;1259036;1257999;
2016517;species or below;17057;17808;
2249302;species or below;262776;434162;
2599927;species or below;407188;295574;
2610885;genus;2278130;5558;
475375;species or below;1546;3585;
1395624;species or below;1724288;1939445;
2589986;species or below;1172346;1176571;
28211;null;82942;10491694;
356;null;88702;10014928;
773;genus;36394492;2876583;
774;species or below;2723424;1355240;
803;species or below;1542473;1901266;
283165;species or below;434;43137;
1225179;species or below;84259;114433;
807;species or below;605588;1108479;
634504;species or below;24744;1812365;
33046;species or below;2022928;1981538;
33047;species or below;1325755;1655616;
1094497;species or below;180636;1251359;
38323;species or below;1385030;2336770;
283166;species or below;7512;3935;
52764;species or below;1138165;1485317;
56426;species or below;1157263;1219113;
696125;species or below;2614;9977;
85701;species or below;3492000;1532693;
382640;species or below;7453;15991;
1094489;species or below;1517896;1540464;
1318743;species or below;1393875;1406204;
2133959;species or below;581118;976185;
2267275;species or below;1530039;2405607;
2645622;genus;23311456;8429632;
515256;species or below;786270;852654;
1933904;species or below;1039667;1582450;
1933906;species or below;3426;3450;
1933907;species or below;3496;3539;
1933910;species or below;26892;180943;
1933912;species or below;22861;251158;
2759660;species or below;988294;990170;
2979320;species or below;435;435;
2979321;species or below;269;269;
2979330;species or below;981478;983664;
2979331;species or below;909204;910826;
2750929;species or below;2413176;3474978;
2750995;species or below;1642953;2654294;
2893471;species or below;1639378;1777875;
2961895;species or below;1482364;1611524;
766;null;40853;2523;
775;null;2405;213;
33988;null;1638569;882;
780;genus;4222135;779813;
114277;genus;3350905;2895357;
781;species or below;1655;2620;
226665;species or below;147810;215730;
1032845;species or below;487;499;
272944;species or below;111902;121689;
369822;species or below;396149;257030;
783;species or below;117956;125030;
392021;species or below;235;266;
452659;species or below;108;108;
1105100;species or below;163;184;
1105101;species or below;42557;45642;
1105102;species or below;6831;7143;
1105105;species or below;57;73;
1337396;species or below;182;949;
1338411;species or below;221;224;
293614;species or below;629555;699663;
1105110;species or below;7139;661117;
33989;species or below;495086;561147;
1105111;species or below;1467;1588;
1105114;species or below;261148;283429;
33992;species or below;375335;275540;
1105113;species or below;59355;67372;
347255;species or below;131913;145326;
35790;species or below;89442;102860;
652620;species or below;2974;2267;
416276;species or below;128746;232369;
35792;species or below;192146;135116;
1105108;species or below;278;81918;
35794;species or below;69441;72177;
941638;species or below;797;837;
1105109;species or below;162;276;
562019;species or below;117982;137211;
109232;species or below;140437;509089;
238800;species or below;231016;764885;
1068590;species or below;488228;652789;
481009;species or below;189;69647;
2761623;species or below;546031;707084;
114292;genus;143802;151376;
782;species or below;879438;892172;
272947;species or below;809;809;
449216;species or below;683;687;
1105094;species or below;187;218;
1105095;species or below;497;518;
1105096;species or below;1768;1774;
1105098;species or below;4406;4442;
1105099;species or below;2764;2768;
1290427;species or below;8829;8842;
1290428;species or below;4446;4452;
785;species or below;856878;868932;
257363;species or below;287;287;
1003201;species or below;184;184;
1003202;species or below;401;401;
114295;genus;3697686;31;
931099;species or below;434091;1337901;
1182263;species or below;15827;732904;
1129742;genus;239;900;
788;species or below;616393;707527;
293613;species or below;245430;255907;
1105107;species or below;238295;248233;
33990;species or below;654346;1128916;
336407;species or below;30271;34013;
391896;species or below;37016;42666;
942;null;8594;5021;
768;genus;403732;352041;
574556;species or below;793121;840845;
770;species or below;1300023;714076;
234826;species or below;21368;117848;
320483;species or below;7213;125921;
948;species or below;5141194;2373605;
212042;species or below;63;63;
1173064;species or below;305;25976;
1184253;species or below;84;94;
1392506;species or below;234401;451527;
1392507;species or below;152094;334472;
1248439;species or below;1104699;1109544;
943;genus;1045717;230144;
106178;genus;252959;27328;
779;species or below;4835896;2187999;
254945;species or below;4306;4360;
302409;species or below;232991;326831;
944;species or below;1145849;1265841;
269484;species or below;41883;42982;
945;species or below;1189842;1200098;
205920;species or below;5248;5253;
1249650;species or below;243;249;
1249651;species or below;249;249;
1249652;species or below;6846;6849;
1249653;species or below;6427;6446;
1249654;species or below;6238;6248;
1249655;species or below;4048;4056;
1249656;species or below;11428;11446;
1423892;species or below;215574;914351;
391036;species or below;829275;891512;
203692;null;1162;652;
136;null;1482;13115;
1643685;null;476513;376164;
138;genus;4976046;2335103;
140;species or below;835090;1190872;
314723;species or below;1904;14871;
1329908;species or below;3962;4625;
1867252;species or below;2308;6589;
141;species or below;589805;601926;
1435045;species or below;38409;38748;
142;species or below;470320;321963;
314724;species or below;101044;141853;
143;species or below;909760;920082;
1365188;species or below;403;566;
144;species or below;1457200;1469303;
412418;species or below;3056;1116726;
47466;species or below;3065278;3071135;
1302858;species or below;447;406;
1104446;species or below;1126811;1187720;
1653839;species or below;176070;182778;
2518322;species or below;584597;589793;
2649934;genus;840667;804564;
1882662;species or below;802251;809421;
2419518;species or below;2120;493;
2887345;species or below;847111;868510;
2898580;species or below;347030;362548;
2898581;species or below;313344;320921;
2756107;species or below;789841;800517;
2761123;species or below;742;95290;
1293576;species or below;110503;786498;
64895;genus;6445848;3489635;
139;species or below;1665236;946274;
224326;species or below;627;1365;
445985;species or below;3297;53378;
521007;species or below;913;95941;
521008;species or below;27233;67769;
29518;species or below;949457;750694;
1398490;species or below;17314;66328;
29519;species or below;2411132;1525031;
1081646;species or below;80281;94840;
1234596;species or below;176;180;
34095;species or below;930371;731885;
56146;species or below;830296;673022;
57863;species or below;1399671;804575;
64897;species or below;458504;264690;
521010;species or below;59666;211365;
88916;species or below;786131;551228;
100177;species or below;1185496;585683;
373540;species or below;431903;372305;
373543;species or below;562024;426015;
478174;species or below;611285;250377;
478807;species or below;1019543;449855;
498741;species or below;501322;239650;
664662;species or below;1498744;467367;
290434;species or below;6715;336083;
683292;species or below;1185086;933002;
1196056;species or below;396825;317775;
1674146;species or below;529255;582016;
1783257;null;305;13658;
204429;null;1655;796;
809;null;3233;2549;
810;genus;3338496;1792391;
813;species or below;1591437;1441789;
272561;species or below;369;500;
315277;species or below;7768;11967;
1262673;species or below;125;125;
580047;species or below;526;1259;
580049;species or below;9166;12361;
596777;species or below;212;493;
634464;species or below;645;645;
672161;species or below;4130;4212;
707183;species or below;458;545;
707184;species or below;32;483;
707185;species or below;78;79;
707186;species or below;3618;5234;
707187;species or below;607;614;
718219;species or below;32;32;
759363;species or below;31;31;
887712;species or below;119;243;
907265;species or below;143;160;
907267;species or below;17;17;
907268;species or below;5;5;
907272;species or below;5;326;
1007870;species or below;86;86;
1071755;species or below;171;171;
1071759;species or below;700;721;
1071762;species or below;914;1038;
1071763;species or below;711;927;
1071766;species or below;114;114;
1071767;species or below;94;94;
1071769;species or below;22;2981;
1071770;species or below;392;392;
1071771;species or below;448;511;
1071772;species or below;67;163;
1071773;species or below;32;32;
1071774;species or below;32;32;
1071783;species or below;61;4539;
1340853;species or below;613;617;
1431547;species or below;226;10468;
1447714;species or below;556;696;
83554;species or below;623190;299941;
331636;species or below;297;1351;
1050221;species or below;2966;156944;
1112250;species or below;1132;935;
1112252;species or below;1530;1542;
1112254;species or below;173;967;
1112267;species or below;1454;1589;
1218353;species or below;1820;1894;
1218354;species or below;674;87443;
1218356;species or below;3563;4212;
1218357;species or below;209594;224189;
1218358;species or below;12137;14827;
83555;species or below;1804047;1680370;
218497;species or below;32;914;
264202;species or below;1103683;1115622;
227941;species or below;823;1079703;
83558;species or below;1191736;1220429;
115711;species or below;738;769;
115713;species or below;368;368;
138677;species or below;6810;6812;
182082;species or below;6249;6260;
406984;species or below;227141;229630;
83559;species or below;2755926;2073992;
83560;species or below;1025998;1030614;
243161;species or below;5575;12690;
1434773;species or below;94;94;
1434770;species or below;26;26;
1460373;species or below;125;125;
85991;species or below;1593218;1317891;
331635;species or below;579;871;
1234367;species or below;30999;114793;
1234368;species or below;22076;32948;
1234369;species or below;4244;37069;
344886;species or below;470;506;
1229831;species or below;102588;1026972;
1457153;species or below;1339212;1195896;
1143323;species or below;9181;28914;
1967782;species or below;1174364;1183171;
1967783;species or below;796050;945245;
2494525;species or below;772015;693733;
2766982;species or below;689897;1008868;
1783272;null;208324;1104348;
544448;null;579377;177733;
31969;null;50819;44289;
2092;null;1;171277;
2093;genus;769355;294783;
2123;species or below;795678;800990;
743965;species or below;280;295;
1292033;species or below;174151;174724;
512564;species or below;903286;910250;
51364;species or below;560980;709411;
743967;species or below;276568;603396;
57372;species or below;472768;473351;
708248;species or below;228789;228929;
768700;species or below;262209;262570;
1197325;species or below;632779;634942;
1415773;species or below;681969;686578;
292461;species or below;676077;679445;
353852;species or below;1007306;771441;
519450;species or below;2030391;2058768;
538220;species or below;801512;655478;
547987;species or below;1124035;733329;
656088;genus;1099378;904058;
2095;species or below;342255;318169;
40479;species or below;969875;370155;
340047;species or below;48374;245130;
40480;species or below;314942;387807;
927701;species or below;10621;10778;
1124992;species or below;4965;5032;
2102;species or below;1112392;623154;
2103;species or below;33080;27061;
272632;species or below;4885;4960;
865867;species or below;2422;2471;
40477;species or below;2499128;2972098;
436113;species or below;857;727;
862259;species or below;122769;134753;
880447;species or below;21899;368728;
1179777;species or below;2002043;1935282;
754515;species or below;678439;792569;
754516;species or below;735111;759578;
754517;species or below;660040;663851;
1403316;species or below;556903;557381;
1612150;species or below;806190;813264;
2683645;genus;4355747;1583742;
353851;species or below;888122;891901;
640330;species or below;799499;805938;
1749074;species or below;639281;640889;
2683967;species or below;1094939;1102796;
2725994;species or below;828571;888077;
2742195;species or below;900842;933003;
2801918;species or below;902826;905686;
2967299;species or below;15691;15794;
2967300;species or below;89183;89318;
2967301;species or below;168605;714574;
2967302;species or below;221973;654114;
2726117;species or below;956300;733295;
2963128;species or below;1619637;217393;
3004105;species or below;760565;762468;
2790996;null;52033;335;
2791001;genus;3342;1366;
2116;species or below;1737033;1192535;
1048830;species or below;4757;1586;
272633;species or below;44405;1314822;
2995234;genus;43684;2560;
2096;species or below;2121236;1748392;
233150;species or below;15785;20094;
710127;species or below;226;226;
710128;species or below;474;504;
708616;species or below;187;187;
1006581;species or below;89553;120451;
1159197;species or below;629;664;
1159198;species or below;441;443;
1159199;species or below;888;896;
1159200;species or below;2485;2544;
1159201;species or below;2193;2201;
1159202;species or below;5002;5079;
1159203;species or below;3481;3614;
1159204;species or below;4333;4442;
2097;species or below;662543;595161;
243273;species or below;6781;9146;
662945;species or below;16590;18569;
662946;species or below;17528;27808;
662947;species or below;18821;24317;
663918;species or below;14266;15814;
2104;species or below;963134;865126;
272634;species or below;5135;3593;
722438;species or below;219;1790;
1112856;species or below;597;785;
1213463;species or below;471;471;
1233262;species or below;244;395;
1236904;species or below;124;124;
1263756;species or below;341;356;
1263757;species or below;670;704;
1263758;species or below;497;497;
1263760;species or below;150;150;
1263761;species or below;547;547;
1263762;species or below;187;187;
1263763;species or below;1183;1238;
1263835;species or below;1734;1772;
1280940;species or below;153;559;
1441379;species or below;1968;2042;
92758;species or below;1211608;1212377;
2895623;null;124785;84;
2895509;genus;81928;24198;
2098;species or below;3064605;2116809;
347256;species or below;18825;44162;
1267000;species or below;6847;24589;
2111;species or below;782232;784928;
243272;species or below;18926;3721;
2121;species or below;683249;697838;
2124;species or below;1106561;709355;
29554;species or below;647944;655289;
29559;species or below;2392213;1217027;
45363;species or below;750793;760997;
92400;species or below;720535;725242;
92401;species or below;639534;644160;
92402;species or below;1883679;685013;
142649;species or below;689251;696895;
142651;species or below;767986;771605;
