name;taxid;rank;kmers 1;kmers 2;reads 1;reads 2
cellular organisms;131567;cellular root;685734;0;17815;0;
Bacteria;2;domain;4203393;0;335675;0;
Bacillati;1783272;kingdom;1;0;0;0;
Mycoplasma;2093;genus;0;1;0;0;
Mycoplasma crocodyli MP145;512564;strain;0;1;0;0;
Mycoplasma iguanae;292461;species;0;6;0;2;
Mycoplasma anserisalpingitidis;519450;species;0;1;0;0;
Mycoplasma tauri;547987;species;0;1;0;1;
Mycoplasma mycoides group;656088;species group;0;4;0;0;
Mycoplasma mycoides;2102;species;0;8;0;0;
Mycoplasma mycoides subsp. mycoides;2103;subspecies;0;2;0;0;
Mycoplasma mycoides subsp. capri;40477;subspecies;0;6;0;2;
Mycoplasma mycoides subsp. capri str. GM12;436113;strain;0;1;0;0;
Mycoplasma feriruminatoris;1179777;species;0;10;0;0;
Mycoplasma miroungigenitalium;754515;species;0;3;0;0;
Mycoplasma miroungirhinis;754516;species;0;1;0;0;
Mycoplasma sp. Pen4;640330;species;0;2;0;0;
Mycoplasma sp. NEAQ87857;2683967;species;0;5;0;0;
Mycoplasma sp. 1654_15;2725994;species;0;1;0;0;
Mycoplasma sp. 1578d;2967299;species;0;1;0;1;
Mycoplasma sp. 1018B;2967302;species;0;1;0;0;
Malacoplasma muris;2119;species;3;0;0;0;
Mycoplasmoides gallisepticum;2096;species;0;2;0;2;
Mycoplasmoides gallisepticum S6;1006581;strain;0;5;0;0;
Mycoplasmoides gallisepticum NC08_2008.031-4-3P;1159204;strain;0;1;0;0;
Mycoplasmoides genitalium;2097;species;0;2;0;1;
Metamycoplasma hominis ATCC 27545;1267000;strain;0;1;0;1;
Metamycoplasma orale;2121;species;0;1;0;0;
Metamycoplasma canadense;29554;species;0;2;0;0;
Pseudomonadati;3379134;kingdom;9918;0;90;0;
Pseudomonadota;1224;phylum;215;0;2;0;
Gammaproteobacteria;1236;class;4;0;1;0;
Francisella tularensis;263;species;1;0;0;0;
Francisella orientalis;299583;species;0;1;0;1;
Francisella halioticida;549298;species;1;1;0;0;
Alphaproteobacteria;28211;class;89;0;0;0;
uncultured Bartonella sp.;104108;species;1;0;0;0;
unclassified Bartonella;2645622;no rank;1;0;0;0;
Bartonella sp. DGB1;3239807;species;2;0;0;0;
Bartonella sp. AC130YNZD;3243445;species;1;0;0;0;
Bartonella sp. CL32QHWL-2;3243525;species;1;0;0;0;
Bartonella sp. CL34QHWL;3243526;species;1;0;0;0;
Rickettsiales;766;order;345;0;1;0;
Rickettsiaceae;775;family;25;0;0;0;
Rickettsieae;33988;tribe;2649;0;10;0;
Rickettsia;780;genus;36405;5102;274;38;
spotted fever group;114277;species group;42429;16273;869;127;
Rickettsia conorii subsp. heilongjiangensis;226665;subspecies;13;44;2;3;
Rickettsia conorii str. Malish 7;272944;strain;15;41;1;3;
Rickettsia conorii subsp. raoultii;369822;subspecies;14;47;2;5;
Rickettsia rickettsii;783;species;0;18;0;1;
Rickettsia akari str. Hartford;293614;strain;27;41;3;5;
Rickettsia australis;787;species;40;0;2;0;
Rickettsia australis str. Cutlack;1105110;strain;0;136;0;10;
Rickettsia australis str. Phillips;1196662;strain;3;0;0;0;
Rickettsia amblyommatis;33989;species;59;694;5;32;
Rickettsia amblyommatis str. Ac/Pa;1359164;strain;15;0;1;0;
Rickettsia amblyommatis str. Darkwater;1359166;strain;135;0;11;0;
Rickettsia montanensis str. OSU 85-930;1105114;strain;6;10;1;2;
Rickettsia rhipicephali;33992;species;16;2023;2;61;
Rickettsia rhipicephali str. 3-7-female6-CWPP;1105113;strain;0;14;0;1;
Rickettsia africae ESF-5;347255;strain;2;19;0;3;
Rickettsia helvetica;35789;species;12;0;1;0;
Rickettsia japonica;35790;species;1;2;0;2;
Rickettsia massiliae MTU5;416276;strain;5;625;0;34;
Rickettsia parkeri;35792;species;14;29;1;5;
Rickettsia parkeri str. Portsmouth;1105108;strain;0;86;0;5;
Rickettsia slovaca;35794;species;13;15;1;1;
Rickettsia honei RB;1175313;strain;35;0;2;0;
Rickettsia felis;42862;species;36;0;2;0;
Rickettsia peacockii str. Rustic;562019;strain;20;352;2;13;
Rickettsia monacensis;109232;species;81;7590;7;348;
Rickettsia asiatica;238800;species;21;1195;1;59;
Rickettsia sibirica;35793;species;1;0;0;0;
Rickettsia sibirica subsp. mongolitimonae HA-91;1144280;strain;2;0;0;0;
Rickettsia sibirica subsp. sibirica BJ-90;1130827;strain;11;0;1;0;
Rickettsia tamurae;334545;species;66;0;5;0;
Rickettsia tamurae subsp. buchneri;1462938;subspecies;1329;0;48;0;
Rickettsia gravesii BWI-1;1397702;strain;7;0;0;0;
Rickettsia hoogstraalii;467174;species;9;0;0;0;
Rickettsia asembonensis;1068590;species;22;307;2;20;
Rickettsia fournieri;1436798;species;14;0;1;0;
Rickettsia argasii T170-B;1268837;strain;17;0;1;0;
Rickettsia koreansis;2358204;species;15;0;2;0;
Rickettsia endosymbiont of Ixodes scapularis;444612;species;2786;0;101;0;
Rickettsia sp. Tenjiku01;1736693;species;3;0;0;0;
Rickettsia tillamookensis;2761623;species;36;124;2;6;
Candidatus Rickettsia kedanie;3115352;species;33;0;3;0;
typhus group;114292;species group;10;13;0;0;
Rickettsia prowazekii;782;species;9;44;0;2;
Rickettsia typhi;785;species;6;18;0;0;
unclassified Rickettsia;114295;no rank;87;0;4;0;
Rickettsia sp.;789;species;5;0;0;0;
Rickettsia endosymbiont of Oedothorax gibbosus;931099;species;0;43;0;4;
Rickettsia endosymbiont of Ixodes pacificus;1133329;species;139;0;4;0;
Rickettsia sp. MEAM1 (Bemisia tabaci);1182263;species;23;713;2;36;
Rickettsia endosymbiont of Proechinophthirus fluctus;1462733;species;5;0;0;0;
Rickettsia sp. TH2014;1967503;species;20;0;0;0;
Rickettsia endosymbiont of Halotydeus destructor;2996754;species;1;0;0;0;
Rickettsia endosymbiont of Cantharis rufa;3066248;species;29;0;0;0;
Rickettsia endosymbiont of Ceutorhynchus obstrictus;3066249;species;1;0;0;0;
Rickettsia endosymbiont of Orchestes rusci;3066250;species;5;0;0;0;
Rickettsia endosymbiont of Polydrusus tereticollis;3066251;species;6;0;0;0;
Rickettsia endosymbiont of Rhinocyllus conicus;3066252;species;20;0;0;0;
Rickettsia endosymbiont of Urophora cardui;3066265;species;3;0;0;0;
Rickettsia endosymbiont of Gonocerus acuteangulatus;3066266;species;10;0;1;0;
Rickettsia endosymbiont of Pantilius tunicatus;3066267;species;4;0;0;0;
Rickettsia endosymbiont of Nabis limbatus;3066268;species;13;0;1;0;
belli group;1129742;species group;5;7;1;0;
Rickettsia canadensis;788;species;35;118;2;4;
Rickettsia canadensis str. McKiel;293613;strain;2;20;0;0;
Rickettsia canadensis str. CA410;1105107;strain;0;12;0;0;
Rickettsia bellii;33990;species;10;544;0;26;
Rickettsia oklahomensis;3141789;species;41;0;1;0;
Candidatus Rickettsia colombianensi;1090944;species;33;0;0;0;
Anaplasmataceae;942;family;325;0;2;0;
Anaplasma platys;949;species;1;0;0;0;
Anaplasma phagocytophilum;948;species;180;0;11;0;
Anaplasma phagocytophilum str. CRT53-1;1359157;strain;48;0;5;0;
Ehrlichia;943;genus;136242;20543;977;54;
canis group;106178;species group;1971;1634;4;2;
Ehrlichia ruminantium;779;species;2;78;0;2;
Ehrlichia ruminantium str. Gardel;302409;strain;0;6;0;0;
Ehrlichia canis;944;species;30;162;3;2;
Ehrlichia chaffeensis;945;species;63;424;5;6;
Ehrlichia chaffeensis str. Arkansas;205920;strain;0;5;0;0;
Ehrlichia muris;35795;species;9381;0;110;0;
Ehrlichia cf. muris str. EmCRT;1359167;strain;7;0;1;0;
Ehrlichia muris AS145;1423892;strain;100;42446;8;812;
Ehrlichia muris subsp. eauclairensis;2020671;subspecies;27;0;3;0;
Ehrlichia japonica;391036;species;281;6802;16;105;
Ehrlichia minasensis;1242993;species;41;0;3;0;
Spirochaetales;136;order;2;0;0;0;
Borreliaceae;1643685;family;2473;0;4;0;
Borrelia;138;genus;12;13;0;0;
Borrelia hermsii;140;species;0;1;0;0;
Borrelia turicatae 91E135;314724;strain;0;2;0;0;
Borrelia coriaceae;144;species;0;2;0;0;
Borrelia crocidurae DOU;1293575;strain;1;0;0;0;
Borrelia miyamotoi;47466;species;1;2;0;0;
Borrelia turcica IST7;1104446;strain;2;2;0;0;
Borrelia maritima;2761123;species;0;1;0;1;
Borreliella;64895;genus;21128;19444;122;74;
Borreliella burgdorferi;139;species;7525;8811;200;228;
Borreliella burgdorferi ZS7;445985;strain;4;36;1;7;
Borreliella burgdorferi 118a;476210;strain;51;0;2;0;
Borreliella burgdorferi 29805;498738;strain;9;0;1;0;
Borreliella burgdorferi 64b;498740;strain;2;0;0;0;
Borreliella burgdorferi N40;521007;strain;0;177;0;7;
Borreliella burgdorferi JD1;521008;strain;22;115;1;7;
Borreliella burgdorferi CA8;747491;strain;14;0;1;0;
Borreliella afzelii;29518;species;9;10;0;0;
Borreliella garinii;29519;species;28;51;1;3;
Borreliella garinii IPT108;1408841;strain;24;0;2;0;
Borreliella japonica;34095;species;9;13;0;1;
Borreliella andersonii;42109;species;37;0;2;0;
Borreliella tanukii;56146;species;30;38;1;2;
Borreliella turdi;57863;species;5;5;0;1;
Borreliella valaisiana;62088;species;16;0;0;0;
Borreliella bissettiae;64897;species;6;3;0;0;
Borreliella bissettiae DN127;521010;strain;1;27;0;1;
Borreliella sinica;87162;species;48;0;0;0;
Borreliella spielmanii;88916;species;12;12;0;0;
Borreliella lusitaniae;100177;species;3;5;0;0;
Borreliella lanei;373540;species;46;36;1;1;
Borreliella californiensis;373543;species;19;13;0;0;
Borreliella carolinensis;478174;species;34;5;1;0;
Borreliella americana;478807;species;31;20;1;1;
Borreliella finlandensis;498741;species;57;82;1;5;
Borreliella bavariensis;664662;species;27;5;0;0;
Borreliella bavariensis PBi;290434;strain;0;2;0;0;
Borreliella yangtzensis;683292;species;8;12;0;1;
Borreliella kurtenbachii;1196056;species;24;38;2;2;
Borreliella mayonii;1674146;species;27;28;0;2;
Chlamydia trachomatis I/UW-12/UR;596780;strain;11234;0;229;0;
Chlamydia psittaci;83554;species;1;0;0;0;
