fastq key; system; classified; correct genus; correct species; total; precision genus; recall genus; f1 genus; precision species; recall species; f1 species;
tick1_sim;\ku;934558;934541;878814;1361189;0.9999818095827119;0.6865622628452037;0.8141498170312322;0.9403525516875357;0.6456223198982655;0.7656017845171964;
tick1_sim;\ktwo;879410;879312;826551;1361189;0.9998885616492876;0.6459881765133277;0.7848901119745212;0.9398926553029873;0.6072272109163386;0.7377946700859904;
tick1_sim;\ktwohc;224;224;172;1361189;1.0;1.645620115942753E-4;3.2906987078865855E-4;0.7678571428571429;1.2636011604560425E-4;2.5267865078414857E-4;
tick1_sim;\ganon;980205;879990;828052;1361189;0.8977611826097602;0.6464862704591353;0.7516804091921309;0.8447743074152856;0.6083299233243877;0.7073153856207028;
tick1_sim;\ganonall;1360627;907724;853790;1361189;0.6671365480767323;0.6668611045196515;0.6669987978614278;0.627497469916443;0.6272383923173049;0.6273679043697297;
tick1_sim;\genestriphs;1024127;991704;906803;1361189;0.9683408405402846;0.7285571658307554;0.8315074396851402;0.8854399893763176;0.6661844901773376;0.7603210643788916;
tick1_sim;\genestrip;972743;938306;852929;1361189;0.964598049022198;0.689328227013295;0.8040559879208133;0.8768287204328379;0.6266058570852394;0.7308944733608348;
tick2_sim;\ku;22346;22332;3827;118533;0.9993734896625794;0.18840322948039787;0.3170380255396475;0.17126107580775082;0.032286367509469935;0.05433031182788066;
tick2_sim;\ktwo;37462;37402;11197;118533;0.998398377022049;0.31554081985607385;0.47952819000609004;0.298889541401954;0.09446314528443556;0.14355588320138468;
tick2_sim;\ktwohc;146;146;23;118533;1.0;0.0012317244986628196;0.0024604184396565523;0.15753424657534246;1.940387908852387E-4;3.8760016515137466E-4;
tick2_sim;\ganon;45926;29532;10513;118533;0.6430344467186343;0.2491458074966465;0.3591411841249187;0.22891172756172973;0.08869260037289194;0.12784949440286028;
tick2_sim;\ganonall;118429;29969;10572;118533;0.2530545727820044;0.25283254452346604;0.25294350992986214;0.08926867574664989;0.08919035205385842;0.08922949671255306;
tick2_sim;\genestriphs;85942;63677;36039;118533;0.7409299294873286;0.5372090472695368;0.6228340872967355;0.41934095087384515;0.3040419123788312;0.3525027509475486;
tick2_sim;\genestrip;78482;56260;31081;118533;0.7168522718585153;0.47463575544363173;0.5711240260893841;0.3960271144975918;0.2622138982393089;0.31551912290942313;
tick3_sim;\ku;39347;39326;25489;143819;0.9994662871375201;0.2734409222703537;0.4294028367710164;0.6478003405596361;0.1772297123467692;0.2783158446436566;
tick3_sim;\ktwo;50023;49937;32070;143819;0.9982807908362153;0.34722115993019004;0.5152340566028002;0.6411050916578374;0.22298861763744707;0.33088804283901324;
tick3_sim;\ktwohc;153;153;37;143819;1.0;0.001063837184238522;0.002125413274803434;0.24183006535947713;2.572678157962439E-4;5.139888311616148E-4;
tick3_sim;\ganon;63474;44064;31433;143819;0.6942055014651668;0.3063851090606943;0.42513736595061097;0.4952106374263478;0.21855943929522526;0.3032712151399227;
tick3_sim;\ganonall;143689;44360;31514;143819;0.30872230998893446;0.3084432515870643;0.30858271769829015;0.21932089443172406;0.2191226472162927;0.219221726004146;
tick3_sim;\genestriphs;109384;82470;63864;143819;0.7539493893073941;0.5734291018571955;0.6514140827715311;0.5838513859430995;0.4440581564327384;0.5044489994194382;
tick3_sim;\genestrip;101667;74799;57234;143819;0.735725456637847;0.5200912257768445;0.6093952404617778;0.56295553129334;0.39795854511573575;0.46629135673724775;
tick4_sim;\ku;15364;15352;4427;116315;0.9992189533975527;0.131986416197395;0.23317309517842633;0.28814110908617546;0.03806043932424881;0.06723927125813532;
tick4_sim;\ktwo;26295;26242;12187;116315;0.9979844076820689;0.2256114860508103;0.36802468270107286;0.46347214299296446;0.10477582427030048;0.17091368066755488;
tick4_sim;\ktwohc;54;54;15;116315;1.0;4.6425654472767916E-4;9.280822212101162E-4;0.2777777777777778;1.289601513132442E-4;2.5780061700281E-4;
tick4_sim;\ganon;37083;19591;8927;116315;0.5283013779899145;0.16843055495851783;0.25542705902293383;0.24073025375508994;0.07674848471822207;0.11639004419875097;
tick4_sim;\ganonall;116194;19885;8979;116315;0.171136203246295;0.1709581739242574;0.1710471422611598;0.07727593507410022;0.07719554657610798;0.07723571990761649;
tick4_sim;\genestriphs;78742;52452;37436;116315;0.6661248126793833;0.45094785711215235;0.5378120241775481;0.4754260750298443;0.321850148304174;0.3838467729945606;
tick4_sim;\genestrip;71020;45607;32176;116315;0.642171219374824;0.39209904139620855;0.48690314143112606;0.45305547733032947;0.2766281219103297;0.34351295806976806;
tick5_sim;\ku;24638;24622;6673;212613;0.9993505966393376;0.11580665340313151;0.20756076897463022;0.2708417891062586;0.031385663153240866;0.05625266068425423;
tick5_sim;\ktwo;44144;43981;21291;212613;0.9963075389633925;0.2068594112307338;0.34258851754772024;0.4823079014135556;0.10013969042344542;0.16584552709371117;
tick5_sim;\ktwohc;4171;4171;1524;212613;1.0;0.019617803238748337;0.03848069968263341;0.3653800047950132;0.007167953041441492;0.014060078234556055;
tick5_sim;\ganon;65153;29913;13267;212613;0.45911930379261123;0.14069224365396282;0.21538273222784646;0.20362838242291223;0.06239975918687945;0.09552645032149364;
tick5_sim;\ganonall;209337;30296;13341;212613;0.14472357968252147;0.14249363867684478;0.14359995260101907;0.06372977543386979;0.06274780940017778;0.06323498044792036;
tick5_sim;\genestriphs;151429;113999;90965;212613;0.752821454278903;0.5361807603486146;0.6262958669604057;0.6007105640267056;0.42784307638761504;0.49975002884282577;
tick5_sim;\genestrip;143060;104683;82564;212613;0.7317419264644205;0.49236406052311005;0.588647437393336;0.5771284775618621;0.38832997041573186;0.46426914609767955;
tick6_sim;\ku;53869;53838;22605;241151;0.9994245298780374;0.22325430954049538;0.3649786455155583;0.41962910022461897;0.09373794842235778;0.15324384787472034;
tick6_sim;\ktwo;74420;74151;35596;241151;0.9963853802741198;0.3074878395693984;0.469948125778351;0.4783122816447192;0.14760875965681253;0.2255974091408906;
tick6_sim;\ktwohc;9753;9753;2566;241151;1.0;0.04044353952502789;0.07774288173962951;0.26309853378447656;0.010640635950089364;0.02045403819787648;
tick6_sim;\ganon;99768;62288;33953;241151;0.6243284419854062;0.2582945955024031;0.3654123120154641;0.3403195413358993;0.14079560109640848;0.19918514368515688;
tick6_sim;\ganonall;237763;62769;34055;241151;0.2639981830646484;0.2602891963956193;0.2621305704155652;0.14323086434811136;0.14121857259559364;0.14221760065481487;
tick6_sim;\genestriphs;186869;152899;111992;241151;0.8182148992074662;0.6340384240579554;0.7144479229942526;0.5993075362954797;0.4644061189876882;0.5233026494089061;
tick6_sim;\genestrip;178739;143351;103528;241151;0.802012991009237;0.5944449743107016;0.6828026387863488;0.5792132662709314;0.4293077781141277;0.49311962656886327;
tick7_sim;\ku;14000;13987;3967;211157;0.9990714285714286;0.0662398120829525;0.12424219544584447;0.28335714285714286;0.01878696893780457;0.03523763418414706;
tick7_sim;\ktwo;29067;28909;16936;211157;0.9945642825196959;0.13690760903024762;0.2406836952177967;0.5826538686482953;0.08020572370321609;0.14100173171706407;
tick7_sim;\ktwohc;1951;1951;950;211157;1.0;0.00923957055650535;0.018309964900426075;0.486929779600205;0.004499022054679693;0.008915667173451958;
tick7_sim;\ganon;54123;16485;7098;211157;0.3045840031040408;0.07806987218041551;0.12428377563329313;0.13114572362951055;0.03361479846749101;0.053513268998793724;
tick7_sim;\ganonall;207030;16667;7114;211157;0.08050524078635947;0.07893179008983836;0.07971075141025426;0.034362169733854996;0.0336905714705172;0.034023056670819514;
tick7_sim;\genestriphs;147222;106454;94088;211157;0.7230848650337586;0.5041462040093391;0.5940861490210085;0.6390892665498363;0.44558314429547685;0.5250754089943886;
tick7_sim;\genestrip;138319;96920;84765;211157;0.7006991085823351;0.45899496583111143;0.5546589751513695;0.6128225334191254;0.40143116259465705;0.4850976891116986;
tick8_sim;\ku;33187;33168;8912;235587;0.9994274866664657;0.14078875319945497;0.2468095872368607;0.26853888570825923;0.03782891246121391;0.0663159382976032;
tick8_sim;\ktwo;53939;53748;23450;235587;0.9964589629025381;0.22814501649072316;0.3712827172689154;0.4347503661543596;0.09953859932848587;0.16198890600498747;
tick8_sim;\ktwohc;4645;4645;1244;235587;1.0;0.019716707628179824;0.03867095141363349;0.26781485468245425;0.0052804271882574165;0.010356655233274501;
tick8_sim;\ganon;77317;39861;17758;235587;0.5155528538355083;0.16919863999286888;0.2547810190985094;0.22967781988437214;0.07537767364073569;0.11350446143226037;
tick8_sim;\ganonall;232058;40342;17848;235587;0.1738444699170035;0.1712403485761099;0.1725325834767826;0.07691180653112584;0.0757596981157704;0.07633140523260165;
tick8_sim;\genestriphs;171412;134200;103488;235587;0.782909014538072;0.5696409394406313;0.6594610797569528;0.6037383613749329;0.43927720969323436;0.5085417900289682;
tick8_sim;\genestrip;162532;123858;94340;235587;0.7620530110993528;0.5257420825427549;0.6222159706017547;0.580439544212832;0.40044654416415165;0.47392864947415225;
