pos;level;name;rank;taxid;stored kmers;
0;0;TOTAL;no rank;1;688413684;
1;0;root;no rank;1;0;
2;1;cellular organisms;cellular root;131567;0;
3;2;Eukaryota;domain;2759;0;
4;3;Opisthokonta;clade;33154;0;
5;4;Fungi;kingdom;4751;123332;
6;5;Dikarya;subkingdom;451864;115288;
7;6;Ascomycota;phylum;4890;7364;
8;7;saccharomyceta;clade;716545;190773;
9;8;Pezizomycotina;subphylum;147538;27644;
10;9;leotiomyceta;clade;716546;631342;
11;10;Eurotiomycetes;class;147545;3878;
12;11;Eurotiomycetidae;subclass;451871;4352;
13;12;Eurotiales;order;5042;15051;
14;13;Aspergillaceae;family;1131492;125558;
15;14;Penicillium;genus;5073;6379443;
16;15;Penicillium expansum;species;27334;46399714;
17;10;dothideomyceta;clade;715962;0;
18;11;Dothideomycetes;class;147541;21099;
19;12;Pleosporomycetidae;subclass;451868;2976;
20;13;Pleosporales;order;92860;50293;
21;14;Pleosporineae;suborder;715340;108908;
22;15;Pleosporaceae;family;28556;237311;
23;16;Alternaria;genus;5598;2885279;
24;17;Alternaria sect. Alternaria;section;2499237;33849174;
25;18;Alternaria alternata complex;species group;187734;4602272;
26;19;Alternaria tenuissima;species;119927;25823289;
27;10;sordariomyceta;clade;715989;83513;
28;11;Leotiomycetes;class;147548;10724;
29;12;Erysiphales;order;5120;0;
30;13;Erysiphaceae;family;34371;11220;
31;14;Erysiphe;genus;5121;46556;
32;15;Erysiphe necator;species;52586;62994203;
33;12;Helotiales;order;5178;27321;
34;13;Sclerotiniaceae;family;28983;249018;
35;14;Botrytis;genus;33196;5234740;
36;15;Botrytis cinerea;species;40559;99379284;
37;16;Botrytis cinerea B05.10;strain;332648;579598;
38;11;Sordariomycetes;class;147550;422922;
39;12;Hypocreomycetidae;subclass;222543;43282;
40;13;Hypocreales;order;5125;105895;
41;14;Hypocreales incertae sedis;no rank;162454;45;
42;15;Trichothecium;genus;231006;52;
43;16;Trichothecium roseum;species;47278;68595384;
44;12;Sordariomycetidae;subclass;222544;83391;
45;13;Diaporthales;order;5114;22216;
46;14;Diaporthaceae;family;767018;86;
47;15;Diaporthe;genus;36922;4787243;
48;16;Diaporthe ampelina;species;1214573;128590574;
49;14;Schizoparmaceae;family;1535530;0;
50;15;Coniella;genus;172190;127;
51;16;Coniella diplodiella;species;332405;26;
52;12;Xylariomycetidae;subclass;222545;29726;
53;13;Xylariales;order;37989;59469;
54;14;Xylariaceae;family;37990;10051;
55;15;Dematophora;genus;2703772;0;
56;16;Dematophora necatrix;species;2751867;99460;
57;14;Diatrypaceae;family;42364;108;
58;15;Eutypa;genus;97095;107;
59;16;Eutypa lata;species;97096;144208192;
60;6;Basidiomycota;phylum;5204;1706;
61;7;Agaricomycotina;subphylum;5302;1539;
62;8;Agaricomycetes;class;155619;5998;
63;9;Agaricomycetidae;subclass;452333;2945;
64;10;Agaricales;order;5338;2697;
65;11;Marasmiineae;suborder;2982316;1471;
66;12;Physalacriaceae;family;862241;872414;
67;13;Armillaria;genus;47424;337;
68;14;Armillaria mellea;species;47429;50245704;
