taxid;rank;kmers 1;kmers 2;reads 1;reads 2
10239;null;34854039;34432913;966768;916444;
244589;species or below;3;3;1;1;
12429;null;11531;11531;4368;4351;
159252;species or below;96;96;62;62;
552509;species or below;4530;4530;1909;1272;
1519389;species or below;4236;4236;1721;1698;
1587517;species or below;498;498;257;257;
1678078;species or below;58045;58045;14859;14844;
1685735;species or below;422;422;231;231;
1685740;species or below;10;10;4;4;
1685750;species or below;2;2;2;2;
1685756;species or below;42;42;5;5;
1685766;species or below;46;46;5;5;
1736634;species or below;991;991;397;397;
1843768;species or below;939;939;411;411;
1904876;species or below;436;436;202;202;
1911439;species or below;41;41;41;41;
1920988;species or below;462;462;268;268;
1920989;species or below;3;3;2;2;
1932881;species or below;52;52;42;42;
1955175;species or below;4757;4757;907;907;
2080449;species or below;38321;38321;9183;9177;
2109373;species or below;127;127;64;64;
1521392;species or below;16;16;8;8;
1592092;species or below;17;17;3;3;
1592093;species or below;3;3;2;2;
2293296;species or below;70;70;25;25;
2517212;species or below;3;3;2;2;
2805939;species or below;2;2;2;2;
51368;null;71;71;41;41;
712037;species or below;2;2;1;1;
1100043;species or below;495;495;243;243;
1450746;species or below;15;15;15;15;
1903266;species or below;327;327;60;60;
2060084;genus;704827;704827;68092;67738;
1349409;species or below;338794;338794;130266;129155;
1349410;species or below;499630;499630;161863;161013;
1605721;species or below;105810;105810;28904;28584;
2107707;species or below;254993;254993;83073;82531;
2107708;species or below;69043;69043;18082;18021;
2107709;species or below;138129;138129;66954;66654;
2175117;species or below;5381;5381;1449;1442;
1391455;species or below;22;22;8;8;
192021;species or below;2;2;2;2;
2219109;species or below;3145;3145;1976;1976;
2219110;species or below;9884;9884;4944;4944;
1538101;species or below;595;595;99;99;
315953;species or below;85;85;57;57;
437444;species or below;2;2;2;2;
1163715;species or below;3;3;1;1;
2016460;species or below;49;49;25;25;
687331;genus;53;53;1;1;
687366;species or below;4;4;2;2;
687360;species or below;3;3;1;1;
687333;genus;1477;1477;224;224;
687379;species or below;29;29;25;25;
2065051;species or below;156;156;92;92;
2065052;species or below;208;208;98;98;
2065054;species or below;5;5;3;3;
2065055;species or below;353;353;168;168;
687380;species or below;308;308;122;122;
2065046;species or below;49476;49476;31469;31474;
2065047;species or below;2;2;2;2;
2065049;species or below;7;7;3;3;
2065050;species or below;1765;1765;436;436;
1112202;species or below;174;174;94;94;
1293961;species or below;5;5;3;3;
1705092;species or below;13;13;7;7;
1819678;species or below;800;800;174;174;
915293;species or below;306;306;247;247;
713089;species or below;4;4;3;3;
1911908;species or below;32;32;5;5;
134386;species or below;2;2;1;1;
221037;species or below;2;2;2;2;
304222;species or below;3;3;2;2;
306025;species or below;5;5;3;3;
1507984;species or below;31;31;30;30;
447604;species or below;15;15;15;15;
447606;species or below;3;3;1;1;
662596;species or below;3;3;3;3;
1428189;species or below;2;2;2;2;
1476485;species or below;51;51;33;33;
2010327;species or below;91;91;59;59;
2031200;species or below;2;2;2;2;
307111;species or below;2;2;2;2;
640136;species or below;4;4;2;2;
670251;species or below;6;6;3;3;
1234171;species or below;38;38;20;20;
417194;species or below;2;2;2;2;
1993643;species or below;317;317;123;123;
2559587;null;81815;81815;16141;16150;
12450;species or below;51531;51531;21333;21333;
218667;species or below;2657;2657;1268;1268;
340187;species or below;18;18;6;6;
640897;species or below;3246;3246;1559;1559;
1170424;species or below;4;4;2;2;
1170425;species or below;7;7;7;7;
1457165;species or below;19;19;11;11;
1922353;species or below;69;69;53;53;
1922557;species or below;7;7;2;2;
1922583;species or below;5;5;3;3;
1922595;species or below;1526;1526;452;452;
1922616;species or below;23613;23613;3007;3005;
1922626;species or below;2;2;1;1;
1922677;species or below;12;12;11;11;
1922707;species or below;1348;1348;707;707;
1922716;species or below;753;753;337;335;
1922772;species or below;111;111;75;75;
1922796;species or below;22;22;9;9;
1922876;species or below;7;7;5;5;
1922925;species or below;152;152;53;53;
1922997;species or below;92;92;38;38;
1922998;species or below;62;62;20;20;
1923130;species or below;8;8;2;2;
1923144;species or below;2;2;2;2;
1923407;species or below;103;103;15;15;
1923418;species or below;15;15;4;4;
1923446;species or below;6;6;3;3;
1923478;species or below;3;3;2;2;
1923486;species or below;24;24;8;8;
1923488;species or below;3;3;3;3;
1923489;species or below;2;2;2;2;
1923564;species or below;117;117;30;30;
1923701;species or below;139;139;75;75;
1923706;species or below;3;3;3;3;
1923713;species or below;833;833;584;584;
1923717;species or below;78;78;52;52;
1923743;species or below;66;66;43;43;
1923752;species or below;24;24;9;9;
1923755;species or below;19;19;5;5;
1923770;species or below;10;10;2;2;
2025595;species or below;609;609;333;333;
2873234;species or below;1255;1255;432;432;
2732396;null;1119301;1119301;202936;202958;
2497569;null;34;34;361;978;
1922664;species or below;39;39;20;20;
2560310;species or below;11;11;7;7;
2811341;species or below;56;56;16;16;
2116488;species or below;31;31;16;16;
2840185;species or below;23;23;23;23;
11270;null;1;1;11;11;
2283315;species or below;7;7;2;2;
2058093;species or below;10611;10611;4200;3201;
2787157;species or below;333;333;74;74;
1608105;species or below;127;127;59;59;
2602440;species or below;12;12;6;6;
2364291;species or below;27;27;1;1;
2676436;species or below;17;17;17;17;
2713499;species or below;134;134;90;89;
2805917;species or below;433;433;140;140;
2793732;species or below;5;5;2;2;
2793719;species or below;12564;12564;3662;3058;
2903266;species or below;9079;9333;58;114;
11290;species or below;2;2;2;2;
1884879;species or below;87;87;28;28;
644610;species or below;1367;1367;362;362;
1922654;species or below;133;133;26;26;
2810811;species or below;69;69;55;55;
2735940;species or below;910;910;201;198;
2746375;species or below;41;41;21;21;
2905567;species or below;286;286;148;147;
2905569;species or below;759;759;396;396;
2746356;species or below;23;23;23;23;
2746353;species or below;278;278;149;149;
2773460;species or below;2189;2189;787;787;
2792567;species or below;20431;20431;2867;2867;
2840018;species or below;8068;8068;3299;3299;
2973795;species or below;19;19;8;8;
2847797;species or below;420;420;212;212;
2879396;species or below;128;128;66;66;
1980410;null;15336;15336;2995;3204;
3052303;species or below;264;264;134;134;
1134579;species or below;206;206;86;86;
2116467;species or below;3;3;2;2;
1980431;species or below;110;110;54;54;
1980433;species or below;683;683;327;327;
2660760;species or below;2;2;2;2;
3070201;species or below;15;15;3;3;
2595002;species or below;1251;1251;415;414;
2603627;species or below;102;102;27;27;
2778521;species or below;431;431;138;138;
2742449;species or below;195;195;122;122;
2812031;species or below;2;2;2;2;
3051403;species or below;688;688;337;337;
660954;species or below;41799;41799;5819;5819;
1424613;species or below;2;2;2;2;
1283294;species or below;773;773;287;287;
1633187;species or below;42;42;4;4;
467989;species or below;265;265;126;126;
1980493;species or below;1375;1375;553;553;
1980517;genus;49;49;18;18;
2795181;species or below;275;275;105;105;
1714376;species or below;18;18;10;10;
1810944;species or below;9793;9793;5526;5526;
1810947;species or below;330;330;54;54;
1608068;species or below;1706;1706;449;449;
3118717;species or below;5372;5372;3010;3010;
11572;genus;8822;8822;2197;2197;
35308;species or below;184;184;55;55;
2748201;species or below;114;114;13;13;
273355;species or below;23249;23249;7756;7752;
2303487;species or below;16080;16080;3848;3656;
35309;species or below;7802;7802;2646;2646;
442713;species or below;466;466;197;197;
2748198;species or below;183;183;64;64;
1927814;species or below;2714;2714;845;845;
2748206;species or below;70;70;60;60;
2748208;species or below;107;107;56;56;
348014;species or below;15;15;15;15;
1406134;species or below;73;73;49;49;
1590834;species or below;146;146;66;66;
2748204;species or below;5156;5156;1048;1048;
2748205;species or below;43;43;43;43;
3052384;species or below;2;2;2;2;
1821545;species or below;85;85;24;24;
273356;species or below;1617;1617;1037;1037;
999729;species or below;865;865;436;436;
273352;species or below;29;29;15;15;
1590836;species or below;24;24;24;24;
292278;species or below;24;24;4;4;
348010;species or below;19;19;19;19;
35318;species or below;2307;2307;799;799;
1138490;species or below;1202;1202;641;641;
159150;species or below;26802;26802;4252;4252;
3052441;species or below;46563;46563;5039;5039;
273354;species or below;8779;8779;4944;4944;
2496585;species or below;376;376;186;186;
2609058;species or below;43;43;28;28;
1819306;species or below;4;4;2;2;
1266451;species or below;3695;3695;1226;1226;
2572766;species or below;808;808;200;200;
629728;species or below;3;3;3;3;
2847800;species or below;69;69;16;16;
2789453;species or below;4832;4832;2198;2198;
11584;genus;1;1;27;27;
206377;species or below;71;71;26;26;
904679;species or below;106;106;34;34;
629730;species or below;12;12;12;12;
1649830;species or below;1770;1770;579;579;
1649829;species or below;1779;1779;717;717;
1000646;species or below;6;6;4;4;
1460451;species or below;48830;48830;13014;13014;
2847826;species or below;2;2;2;2;
1048855;species or below;674;674;440;440;
2767010;species or below;2;2;1;1;
11587;species or below;2024;2024;892;892;
1926502;species or below;371;371;149;149;
12329;genus;1;1;29;29;
2661631;species or below;11;11;11;11;
3052762;species or below;360;360;80;69;
3052763;species or below;4;4;2;2;
3052764;species or below;115;115;68;68;
3052767;species or below;62190;124420;14939;32492;
2810810;species or below;88;88;39;39;
2034156;species or below;7;7;4;4;
1608095;species or below;56;56;25;25;
2547431;species or below;270;270;200;200;
2599343;species or below;6563;6563;779;779;
1980419;null;429;429;115;115;
2560196;genus;5500;5500;553;553;
693450;species or below;16319;16319;5872;5872;
2212644;species or below;964;964;659;659;
1629551;species or below;27;27;25;25;
309542;species or below;3121;3121;1284;980;
163325;species or below;1014;1014;258;257;
1414655;species or below;169;169;12;12;
83871;species or below;132;132;64;64;
3052571;species or below;51;51;40;40;
76052;species or below;6;6;4;3;
83872;species or below;1463;1463;785;785;
980895;species or below;25;25;25;25;
2736661;species or below;505;505;118;118;
11612;species or below;11487;11487;3557;3557;
60456;species or below;65357;65357;21614;21616;
89471;species or below;961;961;436;436;
485724;species or below;51;51;24;24;
1033976;species or below;4369;4369;1557;1464;
3052582;species or below;4023;4023;2008;2008;
304859;species or below;3017;3017;1156;1156;
12851;species or below;2;2;2;2;
3052585;species or below;2621;2621;744;744;
460926;species or below;1578;1578;677;677;
1027232;species or below;6384;6384;2143;2143;
1857323;species or below;2482;2482;776;776;
1922934;species or below;22;22;22;22;
1608125;species or below;36065;36065;13283;13283;
55987;species or below;202;202;51;51;
1497848;species or below;54;54;22;18;
1798085;species or below;90258;90258;33918;33918;
764348;species or below;3370;3370;1002;1002;
284687;species or below;393;393;307;307;
664255;species or below;29;29;29;29;
158372;species or below;1379;1379;352;352;
1587509;species or below;5383;5383;806;806;
759389;species or below;5811;5811;2148;2115;
2973078;genus;1;1;12;12;
1849539;species or below;62;62;37;37;
2499625;species or below;25282;25282;15182;15180;
483537;species or below;3417;3417;2215;2215;
1087068;species or below;15518;15518;6809;6809;
2936613;species or below;3158;3158;1081;1081;
2867550;species or below;12711;12711;6370;6370;
2732541;null;1;1;2;2;
907191;species or below;93;93;41;41;
1004049;species or below;37;37;19;19;
1811230;species or below;5400;5400;1790;1790;
205908;species or below;28;28;28;28;
1577776;species or below;1617;1617;1179;1179;
134606;species or below;2;2;2;2;
2732406;null;33980;33980;14520;14520;
675063;null;1;1;60;60;
2170538;species or below;3;3;1;1;
630199;species or below;705;705;168;168;
59749;species or below;1109;1109;577;577;
70823;species or below;205730;205730;69496;69496;
112229;species or below;1309;1309;553;553;
2292642;species or below;650;650;345;345;
2843917;species or below;30;30;10;10;
1921009;species or below;3996;3996;2427;2427;
213034;species or below;359;359;237;237;
47900;species or below;15281;15281;7966;7965;
1853762;species or below;3;3;2;2;
2764701;species or below;2;2;1;1;
2777710;species or below;4;4;3;3;
2650000;species or below;193;193;89;89;
2838076;species or below;2433;2433;1337;1337;
2754817;species or below;13915;13915;6680;6680;
148879;species or below;55;55;55;55;
3071279;species or below;6;6;4;4;
2597809;species or below;161;161;100;100;
2283237;species or below;119;119;63;63;
1978413;species or below;332;332;146;146;
1502101;species or below;1351;1351;826;826;
1871631;species or below;26;26;8;8;
2338396;species or below;653;653;391;391;
1788309;species or below;815;815;418;418;
2219092;species or below;381;381;193;193;
373373;species or below;648;648;420;420;
2152923;species or below;6138;6138;3313;3313;
1678146;species or below;15890;15890;7565;7566;
1016879;species or below;15349;15349;7144;7145;
2732544;null;3887;3887;2672;2672;
11019;genus;11323;11323;8257;8257;
11029;species or below;14700;14700;6699;6698;
37124;species or below;16;16;11;11;
48543;species or below;2297;2297;1557;1558;
59302;species or below;3337;3337;1706;1706;
59304;species or below;322;322;129;129;
135246;species or below;424;424;292;292;
1159195;species or below;1311;1311;593;593;
1440170;species or below;28;28;11;11;
12300;genus;3812;3812;1588;1588;
12301;species or below;1858;1858;986;986;
12303;species or below;363;363;224;224;
188141;species or below;299;299;167;167;
300879;species or below;9257;9257;4518;4518;
2052851;species or below;2766;2766;1351;1351;
12315;species or below;95825;95825;23591;23556;
578305;species or below;57;57;40;40;
2419940;species or below;5939;5939;4081;4081;
167634;species or below;18;18;10;10;
2292426;species or below;43;43;22;22;
558690;species or below;10;10;9;9;
1712389;species or below;381;381;343;343;
47985;species or below;130;130;38;38;
937809;species or below;278;278;155;155;
675071;null;1;1;753;753;
12234;genus;1;1;7;7;
185955;species or below;27618;27618;11519;11518;
233051;species or below;4326;4326;2522;2521;
107804;species or below;15537;15537;6081;6081;
12326;genus;1;1;2;2;
12327;species or below;121;121;68;68;
44421;species or below;26648;26648;11358;11359;
1758139;species or below;807;807;327;327;
1920772;species or below;92138;92138;37643;37643;
2052685;species or below;2;2;2;2;
2921791;species or below;227;227;126;126;
3071295;species or below;3;3;3;3;
1513278;species or below;856;856;441;441;
2419939;species or below;2202;2202;1303;1303;
2762435;species or below;2212;2212;1487;1487;
11050;null;1;1;375;375;
11095;genus;820;820;21;21;
31657;species or below;19;19;19;19;
188938;species or below;134;134;43;43;
2756242;species or below;759;759;324;324;
119222;species or below;104;104;22;22;
358769;species or below;108;108;81;81;
11102;genus;4047;4047;880;880;
1605403;species or below;7493;7493;3263;3263;
3052230;species or below;51141;51141;21439;21439;
40271;species or below;87700;87700;35406;35406;
41856;species or below;20032;20032;3265;3265;
42182;species or below;5819;5819;4247;4247;
356114;species or below;749;749;480;480;
1544901;species or below;1085;1085;630;630;
63746;species or below;4214;4214;1765;1765;
3052236;species or below;16744;16744;8593;8592;
2847087;species or below;26;26;18;18;
1495316;species or below;28;28;28;28;
1678179;species or below;1502;1502;841;841;
1685953;species or below;20;20;12;12;
2050971;species or below;48;48;17;17;
1491393;species or below;23249;23249;5052;5052;
11084;species or below;40784;40784;16149;16149;
2006498;species or below;3;3;2;2;
1133728;species or below;35;35;14;14;
2785995;species or below;7;7;4;4;
2786008;species or below;11465;11465;3843;3843;
2786405;species or below;1342;1342;388;388;
2786389;species or below;6875;6875;884;884;
2732408;null;69426;69426;25736;25734;
11012;null;39531;39531;18245;18245;
37960;null;1;1;28;28;
348449;species or below;4;4;2;2;
659497;species or below;20764;20764;6326;6326;
1408894;species or below;3819;3819;1980;1980;
1408895;species or below;62757;62757;17425;17425;
1411681;species or below;3604;3604;2216;2216;
1849533;species or below;5;5;4;4;
1891704;species or below;7;7;5;5;
2025333;species or below;69805;69805;15425;15425;
1511808;genus;1;1;232;232;
54289;species or below;159684;159684;49674;49675;
509923;species or below;175;175;96;96;
529380;species or below;55;55;39;39;
568090;species or below;5096;5096;1284;1284;
631431;species or below;16726;16726;7333;7333;
859651;species or below;6861;6861;3216;3216;
942041;species or below;565;565;334;334;
1469905;species or below;3;3;3;3;
1469906;species or below;13215;13215;8799;8798;
1469908;species or below;424;424;230;230;
1825688;species or below;34;34;24;24;
2043550;species or below;12803;12803;5248;5248;
1511809;genus;37748;37748;9238;9238;
1849534;species or below;71;71;42;42;
186815;species or below;695;695;428;427;
674982;species or below;5;5;3;3;
235434;species or below;84;84;57;57;
674983;species or below;21804;21804;11278;11278;
872291;species or below;381872;381872;199187;199189;
1115692;species or below;1072;1072;546;545;
1249677;species or below;934;934;519;519;
1323523;species or below;11853;11853;4712;4712;
1323524;species or below;1772;1772;678;678;
1323525;species or below;28645;28645;8203;8202;
1323528;species or below;50220;50220;18188;18188;
1323529;species or below;2895;2895;1036;1036;
1387301;species or below;4879;4879;2226;2226;
479713;species or below;12791;12791;4381;4382;
1573459;species or below;2033;2033;636;636;
2032989;species or below;362;362;179;179;
2601605;species or below;312;312;195;195;
2511840;species or below;2500;2500;1861;1861;
40281;species or below;31;31;18;18;
2801155;species or below;74;74;43;43;
2716764;species or below;10;10;3;3;
2501273;species or below;5;5;4;4;
1074325;species or below;2867;2867;1531;1531;
2219105;species or below;1806;1806;1408;1408;
2664558;species or below;23453;23453;11114;11114;
1423347;species or below;8631;8631;5218;5218;
2069320;species or below;4510;4510;2588;2588;
2732256;species or below;1853;1853;904;904;
2698667;species or below;44015;44015;22221;22221;
1708488;species or below;7295;7295;1952;1952;
2501219;species or below;78;78;35;35;
2599955;species or below;13237;13237;5154;5154;
2946823;genus;1;1;2;2;
2599954;species or below;6926;6926;3111;3111;
2715689;species or below;1730;1730;866;866;
2219106;species or below;52;52;33;33;
2732506;null;1008;1008;377;377;
2283236;species or below;89;89;72;72;
1965068;species or below;214;214;130;130;
1965063;species or below;1122;1122;471;471;
1705352;species or below;1542;1542;684;684;
11118;null;113;113;90;90;
693996;genus;815;815;500;500;
11137;species or below;9;9;8;8;
2509492;genus;3284;3284;2206;2206;
766791;species or below;6;6;4;4;
693999;species or below;13;13;8;8;
2509481;genus;43;43;3;3;
31631;species or below;59;59;55;55;
2509511;genus;7;7;1;1;
694009;species or below;92;92;10;10;
2697049;species or below;714;714;428;428;
694013;genus;142;142;28;28;
2569586;species or below;850;850;684;684;
694015;species or below;3782;3782;2149;2149;
1312873;genus;1899;1899;1091;1091;
1945560;species or below;2;2;1;1;
2100419;species or below;108;108;69;69;
96491;species or below;39;39;38;38;
96029;species or below;30;30;7;7;
1922391;species or below;104;104;20;20;
2816848;species or below;320;320;178;178;
405554;species or below;151;151;117;117;
889873;species or below;1870;1870;964;964;
2508244;genus;28;28;13;13;
2016400;species or below;1200;1200;210;210;
1986118;species or below;1371;1371;296;296;
2806429;species or below;14;14;8;8;
464095;null;1;1;13;13;
303317;species or below;17;17;9;9;
520973;species or below;1082;1082;274;274;
12058;null;1;1;3;3;
12104;species or below;4908;4908;834;834;
434309;species or below;6;6;5;5;
2034827;species or below;75;75;57;57;
390157;species or below;402;402;252;252;
1074428;species or below;9767;9767;4156;4157;
1849328;species or below;133;133;76;76;
310907;species or below;1137;1137;517;517;
1958777;species or below;28;28;23;23;
2773293;species or below;4;4;4;4;
2870363;species or below;13537;13537;5226;5226;
1708572;species or below;3346;3346;1537;1537;
2871093;species or below;5;5;3;3;
655314;genus;5177;5177;3190;3190;
1659219;species or below;392;392;210;210;
1659220;species or below;61;61;24;24;
1547495;species or below;103;103;66;66;
1150861;species or below;432;432;360;360;
1399966;species or below;647;647;502;502;
1511806;species or below;53;53;12;12;
1902502;species or below;2;2;1;1;
471728;species or below;94;94;45;45;
2169853;species or below;9871;9871;6491;6491;
2870354;species or below;26;26;18;18;
1914568;species or below;3574;3574;1227;1227;
2870364;species or below;12668;12668;4795;4795;
1482734;species or below;2;2;1;1;
2547312;species or below;153;153;111;111;
1041883;species or below;90;90;35;35;
1432856;species or below;2110;2110;1205;1205;
92444;species or below;6;6;3;3;
2170238;species or below;76;76;23;23;
439016;species or below;12013;12013;6362;6362;
2315692;species or below;141;141;49;49;
439015;species or below;24;24;3;3;
1648484;species or below;12;12;8;8;
35287;species or below;1048;1048;442;442;
101688;species or below;61;61;23;23;
661101;species or below;11;11;9;9;
1481465;species or below;2;2;2;2;
1425364;species or below;787;787;459;456;
2728245;species or below;312;312;153;153;
487492;species or below;21225;21225;9848;9847;
2038685;species or below;150;150;82;82;
748667;species or below;22;22;15;15;
257464;species or below;91;91;72;72;
2789373;species or below;3168;3168;1859;1859;
2530363;species or below;39;39;16;16;
1676256;species or below;25;25;6;6;
1781241;species or below;25;25;22;22;
2184399;species or below;325;325;118;118;
1105380;species or below;39;39;26;26;
1105381;species or below;8286;8286;4363;4363;
699189;null;1990;1990;989;989;
1432857;species or below;144;144;74;74;
1690666;species or below;15;15;8;8;
1906245;species or below;2620;2620;1265;1265;
2812802;species or below;3535;3535;1711;1711;
436447;species or below;3;3;2;2;
1541119;species or below;2369;2369;1217;1217;
458132;species or below;40;40;17;17;
1591444;species or below;388;388;209;209;
1629132;species or below;1964;1964;876;876;
2099521;species or below;480;480;287;287;
631345;species or below;1898;1898;1059;1059;
1871153;species or below;128;128;71;71;
2018500;species or below;312;312;131;131;
2018501;species or below;4946;4946;2238;2238;
2018502;species or below;6777;6777;4256;4256;
2607629;species or below;228;228;165;165;
1564903;species or below;3;3;2;2;
12195;genus;773;773;340;340;
436007;species or below;12;12;7;7;
443746;species or below;2;2;2;2;
2170423;species or below;1253;1253;638;638;
433357;species or below;26;26;19;19;
414528;species or below;701;701;410;410;
167129;species or below;62;62;53;53;
70134;species or below;18;18;8;8;
29271;species or below;3898;3898;2509;2509;
369762;species or below;250;250;199;199;
32620;species or below;4;4;3;3;
1775963;species or below;220;220;118;118;
187977;species or below;351;351;131;131;
2490442;species or below;7;7;7;7;
1679239;species or below;29;29;15;15;
1406816;species or below;46;46;29;29;
341112;species or below;59;59;6;6;
341111;species or below;1604;1604;870;870;
307997;species or below;8;8;4;4;
12465;species or below;43;43;42;42;
2294149;species or below;799;799;208;208;
2306623;species or below;55;55;45;45;
1105378;species or below;1342;1342;848;848;
1105379;species or below;796;796;523;523;
1254425;species or below;4497;4497;2521;2521;
1961665;species or below;227;227;133;133;
1961666;species or below;1728;1728;889;889;
1239567;species or below;1420;1420;763;763;
627585;species or below;880;880;601;601;
1239580;species or below;5;5;4;4;
627576;species or below;276;276;151;151;
246343;species or below;3512;3512;1611;1611;
1074210;species or below;2741;2741;1065;1065;
1093928;species or below;112;112;84;84;
1141625;species or below;36;36;26;26;
2056548;species or below;117;117;68;68;
2056549;species or below;3;3;2;2;
166122;species or below;5480588;5480588;245529;245529;
11663;species or below;166;166;166;166;
11855;species or below;946;946;100;100;
11866;species or below;48;48;25;25;
11878;species or below;262;262;25;25;
11884;species or below;467;467;51;51;
11885;species or below;17;17;17;17;
11867;species or below;50;50;27;27;
11780;species or below;1218;1218;124;124;
11807;species or below;188;188;28;28;
11840;species or below;3;3;2;2;
11970;species or below;139088;139088;38125;37956;
11777;species or below;2018;2018;133;133;
11788;species or below;669;669;74;74;
11764;species or below;177;177;177;177;
168238;species or below;354;354;54;54;
1476909;species or below;2;2;2;2;
1960255;species or below;1073;1073;344;344;
2034762;species or below;2;2;2;2;
107324;species or below;25;25;3;3;
2731360;null;54545;54545;5833;5777;
548681;null;99392;99392;15085;14945;
2282206;species or below;4461;4461;1962;1956;
85655;species or below;3410;3410;991;972;
389214;species or below;240;240;50;50;
3044698;genus;7788;7788;457;457;
150286;species or below;9584;9584;2197;2197;
317858;species or below;252868;252868;30389;30276;
317878;species or below;50632;50632;10825;10825;
180230;species or below;40800;40800;7611;7603;
320884;species or below;9;9;1;1;
10401;species or below;466780;466780;47683;47651;
508441;species or below;72;72;47;46;
261939;species or below;6;6;3;3;
1241371;species or below;74833;74833;23447;23317;
3044472;null;110297;110297;6342;6340;
10293;null;404;404;284;284;
10294;genus;2;2;6;6;
35243;species or below;745;745;209;209;
10295;species or below;32666;32666;7066;7066;
10317;species or below;18726;18726;5361;5310;
10298;species or below;770;770;349;349;
10310;species or below;2083;2083;234;234;
10325;species or below;30276;30276;9864;9864;
332937;species or below;265;265;88;88;
340907;species or below;783;783;215;215;
10353;species or below;1930;1930;709;709;
3118716;species or below;1266;1266;613;613;
10319;genus;18828;18828;717;717;
173566;species or below;13372;13372;1959;1959;
79889;species or below;2166;2166;602;602;
35244;species or below;4528;4528;382;382;
202910;species or below;141458;141458;34582;34582;
170325;species or below;2;2;1;1;
39944;species or below;411;411;117;117;
79891;species or below;656;656;191;191;
365327;species or below;388;388;160;160;
2115790;species or below;610;610;202;202;
80341;species or below;57;57;25;25;
10331;species or below;89;89;15;15;
10335;species or below;35192;35192;5146;4349;
1434720;species or below;96;96;41;41;
47418;species or below;342;342;80;80;
10345;species or below;1006;1006;353;353;
180252;genus;607;607;196;196;
93386;species or below;14551;14551;2287;2287;
1510155;species or below;2;2;2;2;
10390;species or below;2637;2637;1425;1425;
35250;species or below;53972;53972;12276;12276;
37108;species or below;4617;4617;673;673;
10386;species or below;720;720;26;26;
50294;species or below;14;14;12;12;
2972693;species or below;281;281;132;132;
702736;species or below;7960;7960;3187;3107;
2560801;species or below;105;105;26;26;
10357;null;16271;16271;7151;7148;
10358;genus;5543;5543;1037;1033;
1919083;species or below;2161;2161;390;375;
50290;species or below;3674;3674;1090;1085;
50292;species or below;32478;32478;12854;12776;
1667587;species or below;2178;2178;590;588;
10359;species or below;3;3;2;2;
47929;species or below;9;9;2;2;
944969;species or below;14133;14133;5462;5429;
1654930;species or below;65;65;17;17;
188763;species or below;2;2;2;2;
2169863;species or below;529859;529859;192055;191830;
1535247;species or below;962;962;143;143;
10366;species or below;62;62;46;46;
79700;species or below;22925;22925;14917;14917;
1261657;species or below;15288;15288;4974;4973;
40272;genus;690;690;23;23;
1940555;species or below;52;52;10;10;
32603;species or below;3601;3601;954;954;
32604;species or below;3879;3879;728;728;
10372;species or below;112857;112857;7297;7297;
2560568;species or below;44458;44458;15693;15693;
1608255;species or below;205;205;103;103;
1329409;species or below;33;33;18;18;
548914;species or below;3312;3312;1173;1173;
146015;species or below;58229;58229;24979;24104;
33706;species or below;76053;76053;22364;22364;
10397;species or below;2567;2567;1016;1008;
10374;null;3737;3737;666;666;
10376;species or below;332;332;142;142;
2560569;species or below;7164;7164;3265;3265;
45455;species or below;140;140;8;8;
106332;species or below;42;42;16;16;
2341050;species or below;492;492;110;110;
85618;species or below;294;294;34;34;
10385;species or below;35;35;18;18;
37296;species or below;72;72;34;34;
111469;species or below;257;257;27;27;
432370;species or below;2;2;2;2;
10381;species or below;390;390;114;114;
2597325;species or below;9843;9843;6679;6679;
1780507;species or below;282;282;104;104;
2035399;species or below;11464;11464;6020;6020;
548687;genus;1516;1516;89;89;
35252;species or below;1356;1356;203;203;
138184;species or below;4159;4159;916;916;
1504288;species or below;617;617;254;252;
10398;species or below;6997;6997;932;932;
548688;genus;1;1;7;7;
12657;species or below;3245;3245;805;801;
10371;species or below;1769;1769;663;606;
1419109;species or below;1735;1735;626;626;
2054179;species or below;126;126;54;44;
2022783;species or below;1226;1226;287;287;
2052651;species or below;9;9;8;8;
2731619;null;1216735;1216732;186884;186879;
2675235;species or below;207;207;42;40;
2902891;species or below;13;13;13;13;
1071503;species or below;7;7;7;7;
186765;genus;414;414;9;9;
482822;species or below;3477;3477;228;228;
186789;genus;161;161;5;5;
10682;species or below;29558;29558;578;578;
2886926;species or below;95;95;4;4;
1590550;species or below;141;141;3;3;
1090133;species or below;2;2;2;2;
1647458;species or below;148;148;7;7;
1604876;species or below;2;2;2;2;
1125653;species or below;16;16;3;3;
680115;genus;31;31;7;7;
2881392;species or below;3;3;2;2;
1542090;species or below;40;40;14;14;
445516;species or below;21;21;2;2;
2880537;species or below;8;8;5;5;
205880;species or below;5;5;2;2;
1567475;species or below;20;20;14;14;
2283028;species or below;71;71;2;2;
673835;species or below;4;4;4;4;
1623305;genus;27;27;25;25;
1965484;species or below;21;21;11;11;
1623308;genus;66;66;8;8;
2231639;genus;4;4;7;7;
345922;species or below;230;230;128;128;
347962;species or below;1960;1960;295;295;
1983578;species or below;130;130;27;27;
1983581;species or below;254;254;87;87;
2767194;species or below;5;5;2;2;
2767196;species or below;54;54;8;8;
2894779;species or below;4;4;2;2;
1636617;genus;18;18;1;1;
2994044;species or below;213;213;195;195;
2920889;species or below;2525;2525;1116;1116;
2881391;species or below;327;327;40;40;
1636618;genus;3;3;2;2;
2883944;species or below;21;21;6;6;
2886899;species or below;2;2;2;2;
1929963;species or below;5135;5135;1995;1995;
1911928;null;2570;2570;268;268;
1914850;genus;121;121;27;27;
1162290;species or below;33;33;9;9;
1914852;genus;7;7;3;3;
1527519;species or below;5;5;5;5;
2678601;species or below;30;30;7;7;
2842888;genus;40;40;2;2;
1915205;genus;37;37;1;1;
1187128;species or below;10;10;2;2;
1918522;genus;6;6;2;2;
756282;species or below;1221;1221;312;312;
2234106;genus;142;142;12;12;
2772077;species or below;4;4;2;2;
2986396;species or below;100;100;36;36;
2709317;species or below;748;748;148;147;
2942972;null;1;1;4;4;
2955582;species or below;3;3;2;2;
2986400;species or below;21;21;15;15;
2948680;genus;3;3;1;1;
2772065;species or below;3;3;2;2;
2772070;species or below;2;2;1;1;
2772067;species or below;22;22;17;17;
2986404;species or below;354;354;143;143;
2989854;species or below;59;59;24;24;
2772068;species or below;722;722;43;43;
2989853;species or below;200;200;40;40;
2986405;species or below;263;263;196;196;
2772074;species or below;2;2;2;2;
2301731;species or below;69;69;36;36;
2772072;species or below;22;22;7;7;
2710495;species or below;27;27;20;20;
2986406;species or below;5;5;2;2;
2772071;species or below;2;2;2;2;
2772076;species or below;42;42;37;37;
2772080;species or below;15;15;6;6;
2942975;null;1809;1809;57;57;
2986417;species or below;2;2;2;2;
2948643;genus;15;15;15;15;
2772094;species or below;2;2;2;2;
2948645;genus;48;48;9;9;
2986418;species or below;28;28;28;28;
2772093;species or below;264;264;70;70;
2772089;species or below;61;61;8;8;
1920526;species or below;37;37;37;37;
1090134;species or below;94;94;20;20;
1981157;genus;5;5;2;2;
1660368;species or below;2;2;2;2;
379329;species or below;18;18;2;2;
936054;species or below;59;59;2;2;
480808;species or below;217;217;28;28;
1982152;genus;395;395;395;395;
1772294;species or below;3;3;3;3;
1982227;genus;24;24;1;1;
1589747;species or below;15379;15379;2424;2424;
1589746;species or below;2;2;1;1;
1982251;genus;359;359;6;6;
1229784;species or below;7;7;2;2;
504553;species or below;6;6;2;2;
1654781;species or below;11;11;2;2;
2922221;species or below;3;3;2;2;
1982557;genus;290;290;33;33;
1462608;species or below;171;171;44;44;
1982880;genus;25;25;1;1;
1674927;species or below;3;3;3;3;
1327760;species or below;2;2;2;2;
2059882;species or below;658;658;284;284;
1675554;species or below;6;6;5;5;
1983735;genus;9;9;3;3;
1984776;genus;646;646;538;538;
1429768;species or below;210;210;164;164;
1815989;species or below;8;8;7;7;
1555238;species or below;5;5;3;3;
1857100;species or below;9;9;9;9;
2169529;null;1306;1306;156;156;
1204528;species or below;11;11;2;2;
2678590;species or below;31;31;13;13;
1477406;species or below;1485;1485;483;483;
2301647;species or below;28;28;3;3;
2713281;species or below;13;13;4;4;
1785960;species or below;3;3;3;3;
1978922;species or below;109;109;87;87;
2169611;genus;3;3;3;3;
1458711;species or below;8;8;2;2;
2169622;genus;3;3;1;1;
1262518;species or below;9;9;3;3;
1623280;genus;7;7;7;7;
1883370;species or below;40;40;14;14;
1029988;species or below;326;326;59;59;
1838138;species or below;6;6;2;2;
2079285;species or below;25;25;20;20;
2560065;null;869670;869670;139928;139902;
2884427;species or below;38097;38097;11559;11559;
2560070;null;4897;4897;11;11;
1755680;species or below;2;2;2;2;
1792245;species or below;515;515;313;313;
1917990;genus;2;2;2;2;
1805953;species or below;37;37;11;11;
1486660;species or below;177;177;37;37;
207656;species or below;130;130;44;44;
1985181;genus;713;713;156;156;
1690456;species or below;316;316;35;35;
1796992;species or below;18920;18920;1499;1499;
2593638;species or below;21;21;2;2;
1540090;species or below;115;115;12;12;
1540091;species or below;1097;1097;82;82;
2560160;genus;31;31;9;9;
1498168;species or below;291;291;61;61;
2732968;genus;237;237;36;36;
1926594;species or below;2;2;2;2;
2315766;species or below;110;110;56;56;
1857844;genus;379;379;182;182;
2908169;species or below;102;102;61;61;
2908172;species or below;32460;32460;19430;19430;
1168744;species or below;101;101;29;29;
1486414;species or below;3;3;3;3;
1173764;species or below;1348;1348;564;518;
2560081;null;4;4;1;1;
1857843;genus;170;170;64;64;
292029;species or below;50;50;26;26;
1262512;species or below;210;210;74;74;
1610831;species or below;174;174;42;42;
1007127;species or below;89;89;23;23;
1857890;species or below;16;16;3;3;
1980928;genus;3;3;2;2;
1340769;species or below;121;121;26;26;
1572704;species or below;313;313;150;150;
2732969;genus;27;27;26;26;
2079433;species or below;12;12;2;2;
2041210;species or below;2;2;2;2;
2510943;species or below;11;11;3;3;
857312;species or below;22874;22874;13829;13829;
2560086;genus;71;71;2;2;
2560094;genus;685;685;20;20;
1555202;species or below;192;192;21;21;
1273738;species or below;1597;1597;188;188;
1887641;species or below;9;9;2;2;
2079427;species or below;2;2;2;2;
2010329;species or below;13;13;13;13;
1815630;species or below;72;72;14;14;
2776868;species or below;3;3;2;2;
1962671;species or below;5;5;3;3;
2052742;species or below;5;5;2;2;
1777069;species or below;378;378;214;214;
2560150;genus;7;7;3;3;
2079583;species or below;43;43;15;15;
2571059;genus;1;1;10;10;
2776813;species or below;2778;2778;741;741;
2849972;species or below;24746;24746;7921;7921;
2973661;species or below;14;14;14;14;
1837876;species or below;155;155;13;13;
2560176;genus;17;17;1;1;
1141136;species or below;3;3;2;2;
2772511;species or below;2;2;2;2;
446529;species or below;94;94;18;18;
2006684;species or below;1883;1883;496;496;
1460363;species or below;3;3;2;2;
2024264;species or below;6;6;3;3;
2041354;species or below;1338;1338;450;450;
2301695;species or below;2;2;2;2;
2731643;null;52;52;7;7;
2079290;species or below;39;39;3;3;
1932886;species or below;2;2;1;1;
2500826;species or below;10135;10135;1626;1626;
1406779;species or below;2;2;2;2;
2731675;genus;2;2;2;2;
1983582;species or below;326;326;60;60;
1211386;species or below;877;877;336;329;
2489618;species or below;28;28;6;6;
2489627;species or below;164;164;131;131;
2489628;species or below;612;612;394;394;
2320195;species or below;4;4;2;2;
1933107;species or below;82;82;32;32;
1958965;species or below;39;39;37;37;
110456;genus;14774;14774;325;325;
10760;species or below;5;5;3;3;
532078;species or below;24590;24590;8434;8357;
2732683;genus;6;6;1;1;
2783802;species or below;2;2;2;2;
743578;species or below;25;25;25;25;
2731985;genus;2;2;2;2;
2005054;species or below;12;12;3;3;
2842409;null;1;1;12;12;
2593324;species or below;3;3;2;2;
2593331;species or below;855;855;357;357;
2909742;species or below;5;5;4;4;
2696397;species or below;2;2;2;2;
2721760;species or below;20743;20743;6499;6499;
2852969;null;2;2;2;2;
2961702;species or below;10622;10622;3280;3275;
2315597;species or below;2;2;1;1;
2783547;species or below;6;6;2;2;
2732012;null;6;6;2;2;
1150989;species or below;66;66;5;5;
2948922;genus;8;8;5;5;
2732017;genus;15;9;8;7;
2231345;species or below;47;52;44;45;
2480623;species or below;31;31;31;31;
2653652;species or below;3;3;2;2;
2601628;species or below;15;16;12;13;
1647454;species or below;2;2;2;2;
2713297;species or below;3952;3952;1343;1343;
2591369;species or below;981;981;280;280;
2994041;species or below;78;78;10;10;
1933412;species or below;126;126;40;40;
1048207;species or below;15;15;4;4;
2283270;species or below;153;153;66;66;
2733153;genus;70;70;37;37;
2079431;species or below;2;2;2;2;
1846168;species or below;2;2;1;1;
2733088;genus;171;171;12;12;
2869544;species or below;1521;1521;319;319;
2869545;species or below;26;26;16;16;
2869549;species or below;824;824;135;135;
2869553;species or below;813;813;206;206;
1137745;species or below;24;24;21;21;
1335230;species or below;11;11;3;3;
2048517;species or below;6;6;2;2;
2575328;species or below;291;291;61;61;
1124849;species or below;15;15;11;11;
2029657;species or below;96;96;49;49;
2733127;genus;2;2;1;1;
2733128;genus;262;262;47;47;
2382310;species or below;70;70;4;4;
2283031;species or below;31;31;8;8;
2734153;species or below;8;8;2;2;
2267653;species or below;13;13;7;7;
1958956;species or below;5;5;2;2;
2508206;species or below;3;3;2;2;
2733169;genus;4;4;2;2;
765765;species or below;334;334;135;125;
2301604;species or below;2;2;2;2;
2733178;genus;4;4;1;1;
1838074;species or below;29;29;7;7;
2530116;species or below;25;25;2;2;
2992928;species or below;76;76;20;20;
2315716;species or below;55;55;7;7;
1821561;species or below;2;2;2;2;
2201444;species or below;463;463;83;83;
2788787;null;180420;180305;5039;5034;
12336;species or below;4;4;4;4;
12348;species or below;11;11;5;5;
12402;species or below;9893;9893;633;633;
35241;species or below;3;3;2;2;
35344;species or below;1;79;1;6;
59241;species or below;184;184;38;38;
103807;species or below;9;9;3;3;
148943;species or below;61;61;21;21;
157924;species or below;10323;10332;742;743;
230158;species or below;143;143;26;26;
331278;species or below;14;14;3;3;
347324;species or below;10;10;2;2;
413066;species or below;189;189;35;35;
423476;species or below;5;33;3;7;
483266;species or below;4;4;2;2;
573174;species or below;280;280;179;179;
644007;species or below;74635;74635;4282;4282;
673839;species or below;4;4;2;2;
683735;species or below;2431;2431;78;78;
764562;species or below;808;808;63;63;
906669;species or below;164;164;61;61;
1007869;species or below;2;2;2;2;
1124654;species or below;686;686;13;13;
1127516;species or below;12;12;3;3;
1129145;species or below;157;157;72;72;
1147152;species or below;17;17;1;1;
1150991;species or below;7;7;2;2;
1161927;species or below;115;115;33;33;
1168281;species or below;2;2;2;2;
1176423;species or below;439;439;19;19;
1177632;species or below;73;73;71;71;
1233488;species or below;60;60;7;7;
1239381;species or below;3;3;2;2;
1366055;species or below;1831;1831;197;197;
1407493;species or below;43;43;4;4;
1414739;species or below;20422;20422;4063;4063;
1416334;species or below;9;9;2;2;
1448273;species or below;2798;2798;220;220;
1448274;species or below;1496;1496;179;179;
1448276;species or below;3350;3350;293;293;
1458842;species or below;4;4;2;2;
1458852;species or below;97;97;42;42;
1524882;species or below;4;4;2;2;
1527515;species or below;9;9;2;2;
1566990;species or below;72036;72036;2887;2887;
1572745;species or below;28;28;4;4;
1572747;species or below;76;76;11;11;
1572750;species or below;44;44;40;40;
1701811;species or below;2043;2043;154;154;
1701812;species or below;115;115;7;7;
1701813;species or below;11465;11465;664;664;
1701814;species or below;35186;35186;1949;1949;
1701824;species or below;1400;1400;140;140;
1701826;species or below;2201;2201;251;251;
1701827;species or below;317;317;29;29;
1701828;species or below;10736;10736;633;633;
1701837;species or below;3853;3853;263;263;
1701842;species or below;18113;18113;1078;1078;
1732063;species or below;56;56;26;26;
1732064;species or below;20;20;3;3;
1777052;species or below;13;13;11;11;
2014434;species or below;108;108;4;4;
2483661;species or below;3;3;3;3;
2777363;species or below;8;8;3;3;
2834256;species or below;198;198;40;40;
2885983;species or below;3;3;3;3;
2928831;species or below;4;4;2;2;
2939132;species or below;122;122;115;115;
2969597;species or below;3635;3635;1726;1726;
2985324;species or below;124;124;16;16;
2842711;genus;27;27;15;15;
2732588;null;4256;4256;219;219;
680287;genus;5;5;3;3;
1543206;species or below;37;37;7;7;
2108359;species or below;150;150;39;39;
1958907;species or below;117904;117904;81613;81616;
1982583;genus;898;898;19;19;
10747;species or below;1819;1819;117;117;
10748;species or below;2707;2707;155;155;
1874002;species or below;27877;27877;9467;9467;
2500810;species or below;20;20;19;19;
2842329;null;3;3;1;1;
2099850;species or below;3;3;3;3;
1173762;species or below;13;13;1;1;
1881383;species or below;1419;1419;453;453;
2842586;genus;43;43;1;1;
2686301;species or below;29;29;2;2;
1563661;species or below;57;57;21;21;
2842972;genus;14;14;3;3;
1622115;species or below;7;7;2;2;
2812854;species or below;55;55;4;4;
2877946;species or below;18;18;18;18;
2859072;species or below;30;30;5;5;
2708562;species or below;4;4;2;2;
2583039;species or below;17;17;4;4;
2842522;null;82;82;9;9;
2936813;species or below;4;4;4;4;
2842658;genus;136;136;3;3;
1498171;species or below;27;27;2;2;
2842523;null;32;32;2;2;
1623274;genus;66;66;2;2;
2842946;genus;26;26;2;2;
360398;species or below;6;6;2;2;
2842796;genus;3;3;2;2;
2725616;species or below;547;547;277;277;
2656529;species or below;4;4;2;2;
1610837;species or below;3;3;2;2;
330396;species or below;195;195;97;97;
2484218;species or below;786;786;185;185;
2843351;genus;6;6;2;2;
881953;species or below;6;6;6;6;
1965467;species or below;11;11;6;5;
1965472;species or below;48;48;34;34;
1560313;species or below;625;625;380;380;
1412875;species or below;21;21;10;10;
2913972;species or below;10;10;8;8;
2759720;species or below;6;6;2;2;
2491321;species or below;15;15;8;8;
2884420;species or below;63;63;44;44;
1357715;species or below;9;9;3;3;
2847058;species or below;124;124;8;8;
2282396;species or below;3;3;3;3;
45764;species or below;15;15;15;15;
1759525;species or below;53;53;46;46;
2847060;species or below;265;265;232;232;
1913112;species or below;7;7;3;3;
1486469;species or below;62;62;59;59;
1880590;species or below;237;237;62;62;
2843412;genus;35;35;19;19;
2723758;species or below;252;252;83;83;
2530024;species or below;3922;3922;226;226;
2843416;genus;1;1;2;1;
1582150;species or below;3;3;2;2;
1582151;species or below;56;56;17;16;
1032362;species or below;3590;3590;1203;940;
2070028;species or below;447;447;51;51;
2587809;species or below;256739;256739;234662;234661;
2843420;genus;2;2;2;2;
196242;species or below;54;54;2;2;
1147722;species or below;3;3;3;3;
2843421;genus;482;482;15;15;
2650877;species or below;1919;1919;244;244;
2591403;species or below;197;197;50;50;
2601678;species or below;5;5;3;3;
2704031;species or below;4;4;4;4;
254397;species or below;2;2;2;2;
564886;species or below;231;231;5;5;
563769;species or below;96;96;3;3;
382685;species or below;211;211;52;52;
2847061;species or below;79;79;3;3;
2843444;genus;26;26;13;13;
1643326;species or below;37;37;13;13;
201847;species or below;34;34;10;10;
2530032;species or below;11;11;2;2;
2530033;species or below;225;225;36;36;
1226260;species or below;120;120;4;4;
2843458;genus;835;835;88;88;
1432847;species or below;31;31;7;7;
741942;species or below;3;3;1;1;
2847109;species or below;32;32;20;20;
2596672;species or below;10468;10468;3751;3751;
2946160;null;5836;5836;218;218;
754037;species or below;7;7;3;3;
2023996;species or below;3;3;3;3;
1883366;species or below;13;13;2;2;
268746;species or below;3;3;2;2;
754039;species or below;136;136;87;87;
444862;species or below;2;2;1;1;
555387;species or below;19;19;10;10;
2948904;genus;464;464;62;62;
2783674;species or below;12;12;12;12;
2781608;species or below;2;2;2;2;
2926475;species or below;46;46;11;11;
2588487;species or below;796;796;796;796;
1175657;species or below;11;11;6;6;
1916125;species or below;3;3;1;1;
2126925;species or below;2;2;2;2;
2725614;species or below;2;2;2;2;
2946167;null;894;894;99;99;
1196844;genus;19547;19547;973;973;
2932882;species or below;122;122;4;4;
2681596;species or below;70;70;61;61;
2913974;species or below;42;42;26;26;
2483611;species or below;45;45;2;2;
2911430;species or below;160;160;14;14;
1754217;species or below;30;30;10;10;
2734072;species or below;20;20;2;2;
1168563;species or below;4;4;2;2;
2733083;genus;8;8;3;3;
2695847;species or below;4194;4194;3091;3091;
2510486;species or below;72;72;3;3;
2716352;species or below;427;427;15;15;
2759177;species or below;104467;104467;77452;77455;
2716351;species or below;1260;1260;28;28;
3044707;genus;47;47;47;47;
2894367;species or below;8;8;8;8;
1198136;null;4;4;2;2;
10663;genus;22;22;14;14;
2502306;species or below;3837;3837;1417;1417;
2508180;species or below;8026;8026;3193;3193;
1863008;species or below;77;77;41;41;
1455074;species or below;6338;6338;3528;3528;
1913652;genus;75;75;20;20;
1921704;genus;2;2;1;1;
1675602;species or below;7;7;3;3;
2843399;genus;49;49;7;7;
2907963;species or below;2;2;2;2;
707757;species or below;75;75;7;7;
2560244;genus;9;9;3;3;
2842820;genus;5;5;3;3;
2025809;species or below;2;2;2;2;
879630;species or below;20;20;8;8;
2880362;species or below;4;4;2;2;
2053701;species or below;5;5;5;5;
1852628;species or below;24;24;21;21;
1983744;genus;147;147;30;30;
2762283;species or below;22;22;12;12;
1623278;genus;2;2;2;2;
2015844;species or below;2;2;2;2;
1873696;species or below;8;8;3;3;
2315610;species or below;17;17;17;17;
2315529;species or below;160;160;108;108;
2560111;genus;104;104;47;47;
2047868;species or below;1471;1471;649;649;
2047871;species or below;10;10;10;10;
384848;species or below;355;355;156;155;
2763102;species or below;184;184;110;110;
2719593;species or below;3;3;2;2;
680114;genus;14;14;3;3;
1327762;species or below;26;26;19;19;
2686471;species or below;5;5;3;3;
2027899;species or below;66;66;39;39;
546805;species or below;20;20;6;6;
2599868;species or below;18;18;14;14;
1623281;genus;35;35;11;11;
1673889;species or below;2;2;1;1;
1698356;species or below;2;2;2;2;
1622193;species or below;17;17;10;10;
2733124;genus;27;27;3;3;
2946797;genus;2;2;2;2;
2517936;species or below;2;2;2;2;
2948788;genus;112;112;5;5;
1541819;species or below;2;2;1;1;
2653755;species or below;9;9;2;2;
2201420;species or below;31;31;16;16;
2565502;species or below;21;21;2;2;
2801477;species or below;24;24;6;6;
2762400;species or below;39;39;12;12;
2743994;species or below;4;4;1;1;
2250309;species or below;37;37;34;34;
2517967;species or below;16;16;5;5;
2656541;species or below;5;5;2;2;
2948936;genus;17;17;9;9;
1897486;species or below;2;2;2;2;
2987730;species or below;96;96;48;48;
2999281;species or below;114;114;55;55;
3044455;null;20189;20189;3258;3064;
1623303;genus;2107;2107;498;497;
2681625;species or below;17;17;3;3;
2681626;species or below;94;94;22;22;
2908019;species or below;2;2;2;2;
2914004;species or below;7;7;3;3;
2919543;species or below;69;69;9;9;
1392231;species or below;7346;7346;571;571;
2365016;species or below;31;31;11;11;
2365031;species or below;11;11;2;2;
2365037;species or below;9;9;5;5;
2365055;species or below;28;28;11;11;
2365056;species or below;4;4;4;4;
1971417;species or below;38;38;5;5;
1971437;species or below;792;792;38;37;
2419633;species or below;6;6;6;6;
2419638;species or below;69;69;32;32;
1385385;species or below;7;7;3;3;
73422;species or below;5;5;2;2;
2184051;species or below;66;66;9;9;
1623304;genus;286;286;57;57;
2905688;species or below;18;18;5;5;
2919544;species or below;103;103;28;28;
2365021;species or below;136;136;76;76;
2365026;species or below;37;37;20;20;
2365036;species or below;67030;67030;2093;2034;
2365039;species or below;64;64;7;7;
2365043;species or below;42;42;5;5;
2365047;species or below;3;3;2;2;
2365054;species or below;35;35;5;5;
1718281;species or below;61;61;28;28;
1718279;species or below;41;41;5;5;
1971416;species or below;18;18;14;14;
1971421;species or below;25;25;6;6;
1971430;species or below;111;111;61;61;
1971432;species or below;68;68;53;53;
1971449;species or below;2;2;1;1;
2419630;species or below;10;10;6;6;
2419649;species or below;1534;1534;394;346;
2419655;species or below;131;131;62;40;
2069608;species or below;4;4;2;2;
3044850;genus;210;210;26;26;
646413;species or below;110;110;38;38;
2492468;species or below;29;29;3;3;
2419639;species or below;181;181;36;36;
2483877;species or below;6;6;3;3;
173707;species or below;11;14;6;7;
537874;species or below;704;704;59;59;
1051631;species or below;268;268;34;34;
1647391;species or below;84;84;54;54;
2163605;species or below;99;99;29;29;
2843440;genus;23;23;9;9;
2723773;species or below;2;2;2;2;
103371;species or below;329;329;122;122;
2023959;species or below;11;11;6;6;
2283267;species or below;206;206;38;38;
3044647;null;2;2;2;2;
2767565;species or below;3;3;2;2;
2848887;species or below;55;55;7;7;
3044854;genus;31;31;12;12;
3070170;species or below;22;22;5;5;
1675029;species or below;13;13;13;13;
2488780;species or below;33;33;10;10;
2301693;species or below;41;41;9;9;
2591121;species or below;36;36;6;6;
2865805;species or below;35663;35663;10632;10632;
1864622;species or below;2;2;2;2;
2894788;species or below;350;350;71;71;
2740427;species or below;1086;1086;161;161;
3044673;genus;2;2;2;2;
2863194;species or below;81;81;14;14;
2871538;species or below;33;33;8;8;
3044709;genus;3;3;3;3;
1647283;species or below;798;798;238;238;
1279082;species or below;1013;1013;108;108;
2592193;species or below;41;41;26;26;
2419619;species or below;147;147;50;50;
3044751;genus;367;367;8;8;
2593322;species or below;2;2;2;2;
2591025;species or below;985;985;91;91;
2801834;species or below;450;450;28;28;
2767581;species or below;530;530;100;100;
998086;species or below;7;7;3;3;
2686235;species or below;61;61;14;14;
3044785;genus;22174;22174;728;728;
1701830;species or below;1131;1131;49;49;
1267169;species or below;1111;1111;62;62;
1916154;species or below;6;6;2;2;
1916178;species or below;17;17;3;3;
1916186;species or below;2538;2538;102;102;
1916192;species or below;84;84;23;23;
1916193;species or below;46;46;4;4;
1916201;species or below;359;359;25;25;
1916202;species or below;1217;1217;64;64;
120574;species or below;79;79;21;21;
1897555;species or below;876;876;58;58;
1131315;species or below;80;80;24;24;
2006668;species or below;2;2;2;2;
3044792;genus;6;6;3;3;
1913081;species or below;4;4;2;2;
1814960;species or below;71;71;3;3;
2419643;species or below;9;9;3;3;
2603260;species or below;3;3;2;2;
2797313;species or below;5;5;3;3;
2282409;species or below;180;180;38;38;
2653271;species or below;37;37;4;4;
2866695;species or below;91;91;29;29;
1701850;species or below;5;5;3;3;
2530023;species or below;3;3;2;2;
10702;species or below;2;2;2;2;
2920374;species or below;8478;8478;1093;1093;
10860;null;5;5;1;1;
1977402;species or below;5265;5265;62;62;
10863;species or below;988;988;69;69;
10868;species or below;66;66;3;3;
2011081;species or below;41;41;2;2;
3071317;species or below;32;32;16;16;
1977144;genus;2;2;2;2;
1655662;species or below;2;2;1;1;
1910950;null;4656295;4656295;12263;12263;
1910951;genus;728;728;19;19;
2507234;species or below;698;698;7;7;
338105;species or below;115;115;3;3;
338101;species or below;10;10;2;2;
338106;species or below;95;95;2;2;
338110;species or below;860;860;34;34;
338107;species or below;174;174;17;17;
10849;species or below;55;55;6;6;
10845;species or below;902;902;7;7;
1910952;genus;765;765;4;4;
338108;species or below;62;62;4;4;
511969;species or below;1118;1118;34;34;
10843;species or below;1602;1602;67;67;
384642;species or below;1765;1765;40;40;
2886930;species or below;352504660;352504660;5718016;5718016;
1891718;species or below;4;4;2;2;
2170408;species or below;14;14;10;10;
2758131;species or below;15;15;4;4;
1590650;species or below;127;127;65;65;
1572341;species or below;26606;26606;4864;4864;
2025338;species or below;185;185;44;44;
2077304;species or below;37;37;19;19;
2077307;species or below;90;90;28;28;
2169595;null;2;2;1;1;
3085316;species or below;2;2;2;2;
10617;species or below;33;33;21;21;
35258;species or below;39;39;31;31;
333767;species or below;13;13;13;13;
333760;species or below;235;235;129;129;
333761;species or below;3;3;2;2;
333764;species or below;25;25;25;25;
120686;species or below;40144;40144;12812;12639;
333922;genus;3;3;1;1;
10621;species or below;1995;1995;405;405;
10616;species or below;2193;2193;35;35;
889813;species or below;1297;1297;420;364;
1398507;species or below;121;121;51;51;
2259540;species or below;2;2;1;1;
2848317;species or below;4;4;2;2;
936059;species or below;213;213;131;131;
461322;species or below;67;67;29;29;
2016454;species or below;647;647;251;251;
2016455;species or below;431;431;110;110;
759701;species or below;12;12;3;3;
1912759;species or below;47;47;25;25;
1908805;species or below;3;3;2;2;
28314;species or below;205;205;50;50;
74581;species or below;101;101;46;46;
2849623;species or below;1588;1588;356;356;
2759403;species or below;176;176;47;47;
2732416;null;1;1;9;9;
2732423;null;126;126;1;1;
3052703;species or below;281;281;160;160;
2202647;species or below;19;19;17;17;
1329650;species or below;10282;10282;4079;4079;
2003309;species or below;2638;2638;789;789;
1788442;species or below;11;11;9;9;
1788448;species or below;6;6;1;1;
1954248;species or below;25;25;24;24;
1965018;species or below;47;47;3;3;
2057942;species or below;1345;1345;438;438;
1379695;species or below;24;24;2;2;
2714165;species or below;38072;38072;7196;7196;
2169933;species or below;7;7;2;2;
2571082;species or below;933;933;23;23;
1671380;species or below;261;261;99;99;
1218727;species or below;7;7;2;2;
2025352;species or below;2;2;2;2;
1910928;null;1;1;2;2;
2202565;species or below;4004;4004;488;488;
1941236;genus;1;1;2;2;
2576222;species or below;36;36;22;22;
1588764;species or below;1651;1651;514;514;
1634488;species or below;117;117;48;48;
1673681;species or below;5;5;2;2;
2004966;species or below;340;340;7;7;
2582942;species or below;2423;2423;338;338;
2584398;species or below;1427;1427;231;231;
2576460;species or below;4;4;2;2;
2582937;species or below;1047;1047;114;114;
2584395;species or below;14;14;4;4;
1985415;species or below;150;150;2;2;
2732005;null;424;424;223;223;
2732007;null;5031;5031;1516;1511;
2732523;null;8019;8019;1537;1528;
10501;null;123610;123610;4539;4539;
181083;genus;4027;4027;1500;1499;
10506;species or below;985;985;300;300;
46021;species or below;451;451;173;173;
83442;species or below;2350;2350;795;795;
322019;species or below;35;35;10;10;
380598;species or below;15;15;12;12;
1917232;species or below;183;183;115;115;
381899;species or below;709;709;38;38;
42683;species or below;689;689;147;147;
399781;species or below;37;37;15;15;
181084;genus;1;1;2;2;
642926;species or below;30;30;11;11;
755272;species or below;19;19;18;18;
880161;species or below;58;58;13;13;
880159;species or below;528;528;170;170;
1586715;species or below;107;107;36;36;
1663208;species or below;10762;10762;1250;1250;
1663210;species or below;2;2;2;2;
2079134;species or below;4;4;2;2;
1785753;species or below;6;6;5;5;
37665;species or below;6672;6672;1941;1935;
231992;species or below;64;64;37;37;
358403;genus;11;11;1;1;
251749;species or below;39643;39643;11865;11092;
2565304;species or below;34153;34153;13265;13265;
181082;species or below;7712;7712;1656;1656;
455364;species or below;7159;7159;2074;2073;
2023057;species or below;11916;11916;3843;3595;
97195;species or below;102811;102811;43886;43886;
2732554;null;302;302;111;111;
549779;null;27714;27714;2899;2816;
1586712;species or below;788;788;321;315;
1977630;null;10;10;1;1;
3060017;species or below;2164;2164;400;391;
2024608;species or below;55556;55556;23240;23190;
693272;species or below;3136;3136;1713;1693;
3044648;null;4090;4090;797;783;
315393;genus;97;97;18;18;
1128151;species or below;133;133;29;29;
212035;species or below;746;746;230;230;
2094720;genus;7;7;3;3;
2126984;species or below;9125;9125;2578;2530;
2126985;species or below;423;423;193;191;
2811091;species or below;634;634;282;282;
3044761;genus;4881;4881;1022;1017;
2496520;species or below;8362;8362;3173;3107;
1094892;species or below;8879;8879;2852;2784;
1842663;species or below;11705;11705;4209;4008;
3080801;genus;2059;2059;45;45;
1269028;species or below;20023;20023;6079;6059;
2109587;species or below;1780;1780;556;546;
1247379;species or below;7688;7688;2599;2471;
2060617;species or below;40494;40494;12873;12862;
1499987;species or below;48555;48555;15444;15158;
1474867;species or below;5797;5797;2208;2208;
10492;genus;434;434;168;168;
10493;species or below;1263;1263;550;541;
1887314;species or below;28;28;10;10;
100217;species or below;287;287;96;96;
540070;species or below;6441;6441;2771;2693;
256729;species or below;17662;17662;6740;5368;
1898060;species or below;2;2;1;1;
176652;species or below;184;184;72;72;
72201;species or below;58;58;21;21;
345198;species or below;2121;2121;403;403;
345585;species or below;213;213;88;88;
43680;genus;1;1;3;3;
158684;species or below;147;147;15;15;
260797;species or below;25;25;24;24;
328614;species or below;809;809;147;146;
1246651;species or below;34;34;12;12;
328615;species or below;2912;2912;953;862;
113370;species or below;2559;2559;898;898;
10497;species or below;67;67;32;32;
10240;null;1;1;50;50;
10241;null;903;903;398;397;
10242;genus;3866;3866;211;211;
10243;species or below;213;213;80;80;
10244;species or below;4776;4776;1698;1563;
10255;species or below;1036;1036;385;352;
10256;species or below;116;116;47;47;
12643;species or below;842;842;422;407;
28871;species or below;67181;67181;5829;5829;
28873;species or below;334;334;55;55;
28874;species or below;266;266;103;102;
160796;species or below;7;7;1;1;
2200830;species or below;11923;11923;3554;3552;
2478919;species or below;231;231;196;194;
129726;species or below;5539;5539;678;678;
1579460;species or below;160;160;55;55;
10260;genus;718;718;380;380;
10261;species or below;22;22;11;11;
10264;species or below;475;475;141;141;
44088;species or below;746;746;206;206;
2059380;species or below;2952;2952;796;796;
648998;species or below;835;835;285;275;
10266;species or below;35;35;18;18;
376849;species or below;9;9;7;7;
376852;species or below;5;5;2;2;
10271;species or below;227;227;113;113;
10276;species or below;2141;2141;125;125;
10280;species or below;25661;25661;9173;9102;
38804;species or below;1740;1740;841;841;
132475;species or below;46662;46662;3359;3359;
2029293;species or below;1190500;1190500;120760;120552;
305674;species or below;66;66;47;47;
1285600;species or below;15;15;1;1;
1076255;species or below;416;416;227;227;
2025359;species or below;17;17;9;9;
2042482;species or below;38;38;12;12;
1566307;species or below;27;27;14;14;
930275;species or below;97;97;68;68;
67082;species or below;24448134;24448134;4419849;4419952;
1680908;species or below;88;88;26;26;
1329402;species or below;51;51;29;29;
10286;genus;67;67;53;53;
10288;species or below;505;505;266;265;
28321;species or below;4093;4093;970;970;
1293572;species or below;30;30;27;27;
1293540;species or below;31;31;27;27;
1293539;species or below;574;574;249;249;
2259792;species or below;417;417;85;84;
62099;species or below;1594;1594;573;523;
109981;species or below;2;2;2;2;
83191;species or below;223;223;50;50;
543939;species or below;17;17;1;1;
1557033;species or below;741;741;96;96;
10508;null;1;1;2;2;
108098;species or below;2;2;2;2;
129951;species or below;4;4;3;3;
10533;species or below;139;139;25;25;
651580;species or below;2;2;2;2;
38420;species or below;2;2;1;1;
47901;species or below;3;3;2;2;
1560346;species or below;161;161;46;46;
943083;species or below;9;9;6;6;
1714377;species or below;26;26;25;25;
2773314;species or below;20;20;19;19;
2601527;species or below;77;77;9;9;
10552;genus;310;310;2;2;
190061;species or below;101;101;43;43;
172861;species or below;72;72;18;18;
190064;species or below;433;433;107;107;
190065;species or below;145;145;77;77;
172862;species or below;7081;7081;1728;1728;
1520006;species or below;5;5;2;2;
764030;species or below;23568;23568;3715;3715;
2729647;species or below;131;131;25;25;
2739681;species or below;130;130;74;74;
1714273;species or below;119;119;40;40;
2919548;species or below;617;617;196;196;
2508184;species or below;85;85;38;38;
512792;species or below;26;26;6;6;
300186;species or below;3;3;3;3;
157898;species or below;2;2;2;2;
2840056;null;200;200;72;72;
342409;species or below;5635;5635;1157;1157;
92652;species or below;4900;4900;1976;1976;
2840070;null;4171;4171;3106;3101;
10442;null;1821;1821;776;780;
558016;genus;7619;7619;3970;3964;
10454;species or below;2937;2937;1286;1291;
447897;species or below;7416;7416;3000;3039;
745176;genus;207;207;53;66;
38012;species or below;2111;2111;613;613;
307461;species or below;27473;27473;8938;9564;
307466;species or below;246465;246465;31289;31497;
542343;species or below;37;37;19;19;
2594175;species or below;2535;2535;926;927;
2605775;species or below;2;2;2;2;
224399;species or below;41;41;21;21;
208013;species or below;8811;8811;2842;2798;
1962501;species or below;13044;13044;4302;4308;
1580580;species or below;19608;19608;5179;5161;
161494;species or below;40;40;25;25;
268591;species or below;8;8;3;3;
46015;species or below;1046;1046;29;29;
271108;species or below;233;233;108;108;
74320;species or below;5337;5337;616;616;
1850906;species or below;201;201;21;21;
74660;species or below;76;76;5;5;
208973;species or below;74;74;47;47;
1987479;species or below;10;10;3;3;
58094;species or below;387;387;146;146;
320432;species or below;5662;5662;2376;2135;
1207438;species or below;36;36;20;20;
1592335;species or below;39;39;19;19;
1307957;species or below;1430;1430;348;348;
1906244;species or below;10901;10901;3952;3854;
59376;species or below;32;32;18;18;
307467;species or below;26;26;15;15;
51313;species or below;1132;1132;430;430;
148363;species or below;36;36;13;13;
28288;species or below;2244;2244;1240;1240;
1070315;species or below;5;5;4;4;
1642929;species or below;2;2;2;2;
1307956;species or below;35;35;16;16;
10449;species or below;116;116;84;84;
78219;species or below;5324;5324;1802;1635;
207830;species or below;2150;2150;489;489;
1307954;species or below;28746;28746;9878;9878;
1046267;species or below;34;34;4;4;
490711;species or below;4691;4691;1362;1359;
262177;species or below;1591;1591;613;613;
10455;species or below;136;136;74;74;
10456;species or below;60982;60982;24737;24765;
46242;species or below;33127;33127;12760;12808;
101850;species or below;7;7;3;3;
332054;species or below;3;3;1;1;
1592576;species or below;22;22;1;1;
1367203;species or below;5249;5249;1614;1624;
134394;species or below;929;929;253;252;
166921;species or below;718;718;508;508;
1675865;species or below;4264;4264;1680;1671;
2933796;species or below;3778;3778;1128;1087;
80366;species or below;57;57;29;29;
2863583;species or below;12491;12491;3782;3782;
2083176;species or below;339;339;168;168;
2315721;species or below;27921;27921;4945;4956;
558017;genus;4;4;6;6;
362830;species or below;16;16;16;16;
170617;species or below;2;2;2;2;
1750712;species or below;3144;3144;1562;1595;
35254;species or below;1846;1846;950;950;
28289;species or below;73;73;24;24;
1675862;species or below;2528;2528;885;893;
166056;species or below;1305;1305;334;334;
307444;species or below;542;542;165;165;
2072024;species or below;5;5;2;2;
98383;species or below;34;34;12;12;
307454;species or below;1219;1219;397;399;
359919;species or below;370;370;109;109;
51677;species or below;310;310;131;131;
3051996;species or below;3324;3324;1050;1050;
56947;species or below;8087;8087;4069;4069;
36355;species or below;153;153;58;58;
249151;species or below;4;4;1;1;
130556;species or below;6648;6648;2900;2913;
379529;species or below;25557;25557;5873;5597;
523909;species or below;113;113;47;47;
1511853;genus;45856;45856;3324;3405;
2057187;species or below;6520;6520;2030;2021;
432587;species or below;5058;5058;1859;1740;
92521;species or below;6705;6705;2084;2097;
2053981;species or below;194;194;101;101;
1654582;species or below;72132;72132;23875;22657;
2486603;species or below;36309;36309;11780;11722;
2072209;species or below;81718;81718;21196;20946;
29250;species or below;116;116;50;50;
1128424;species or below;331;331;131;131;
1546257;species or below;415;415;133;133;
2509616;species or below;2;2;2;2;
1529056;species or below;9946;9946;1118;1118;
2880838;species or below;595;595;118;118;
2946196;null;117366;117366;19721;19828;
2946836;genus;12144;12144;4713;3957;
36344;species or below;2;2;2;2;
39640;species or below;741903;741903;123895;124958;
53988;species or below;64;64;25;25;
116759;species or below;54578;54578;8083;8191;
257816;species or below;973;973;313;313;
2083300;species or below;239007;239007;79063;78936;
2169782;species or below;928;928;333;333;
2948762;genus;44314;44314;6644;6645;
10484;species or below;44888;44888;9546;9549;
265522;species or below;295430;295430;58378;58469;
419435;species or below;141437;142640;45502;45928;
2986514;species or below;34;34;2;2;
