taxid; rank; viral kmers; human_virus kmers;
2847144;species or below;1;1;
1511807;species or below;8866;8866;
40271;species or below;9343;9343;
2734594;genus;25;17;
11318;species or below;10437;10437;
3052608;species or below;1;1;
2946186;null;1;1;
11069;species or below;10565;10565;
2560602;species or below;15321;15321;
10407;species or below;3028;3028;
11036;species or below;18459;18459;
11983;species or below;49;49;
1891763;species or below;1;1;
57482;species or below;11923;11923;
2905673;species or below;15200;15200;
694009;species or below;533;533;
235544;null;1;1;
11137;species or below;27228;27228;
11577;species or below;13929;13929;
2842407;null;154;11;
334203;species or below;7783;7783;
1529918;null;7508;7508;
10508;null;107;1;
2732005;null;28;1;
2731341;null;1;1;
2509480;null;1;1;
3050299;species or below;1;1;
10632;species or below;4882;4882;
335103;species or below;17632;17632;
1307799;genus;1;1;
10282;genus;728;728;
2731363;null;1;1;
3052381;species or below;43;43;
95340;species or below;7441;7441;
2560195;genus;52;52;
11587;species or below;12522;12522;
758863;species or below;6708;6708;
2169991;species or below;10453;10453;
11080;species or below;10876;10876;
3048215;species or below;1;1;
2731342;null;1;1;
1160947;null;1;1;
2497569;null;4;1;
10317;species or below;95546;95546;
194960;genus;110;91;
2732422;null;1;1;
3052811;species or below;1;1;
1980416;null;51;1;
10372;species or below;137989;137989;
2732545;null;1;1;
291175;species or below;6704;6704;
3050300;species or below;1;1;
11250;species or below;30239;30239;
40272;genus;30880;30880;
10293;null;20183;308;
3052462;species or below;1;1;
11520;species or below;1;1;
95342;species or below;697;697;
11229;genus;30;1;
2501931;null;94;13;
1335626;species or below;29047;29047;
2732514;null;1;1;
11082;species or below;21753;21753;
2732421;null;3;1;
130760;species or below;11722;11722;
11158;null;1;1;
2732525;null;1;1;
129951;species or below;37586;37586;
3052676;species or below;1;1;
206160;species or below;24746;24746;
3052429;species or below;1;1;
102796;species or below;1;1;
186538;species or below;18908;18908;
11308;null;1;1;
2497570;null;1;1;
335341;species or below;11916;11916;
3050256;species or below;1;1;
10374;null;543;19;
72149;species or below;1;1;
173087;null;1;1;
138954;genus;1;1;
2948857;genus;1;1;
1529909;null;6979;6979;
197911;genus;1;1;
490039;null;4592;4592;
334202;genus;1;1;
2732004;null;1324;1;
352926;null;67;2;
194440;species or below;8273;8273;
1313215;species or below;8797;8797;
2955465;species or below;1;1;
2697049;species or below;29023;29023;
151341;null;4344;330;
11676;species or below;9082;9082;
12059;genus;575;239;
10239;null;29425;130;
3052189;species or below;1;1;
10804;species or below;4209;4209;
3079366;null;1037;1037;
3050298;species or below;1;1;
1544901;species or below;8864;8864;
2901879;species or below;1;1;
10257;genus;32281;27138;
1891764;species or below;5010;5010;
2169595;null;71;4;
515176;species or below;1;1;
11072;species or below;10896;10896;
2732007;null;114;13;
2946627;null;5;2;
2560080;null;1;1;
42182;species or below;9240;9240;
333278;species or below;1;1;
11079;species or below;10945;10945;
11272;species or below;11085;11085;
2731361;null;1;1;
11050;null;28;3;
3048184;species or below;1;1;
11292;species or below;11901;11901;
693996;genus;1338;108;
142786;genus;674;674;
327045;null;3;1;
2497577;null;1;1;
2509494;null;206;145;
11286;genus;1261;55;
2732396;null;140;24;
1980418;null;14;1;
10240;null;3;1;
2169561;null;44;1;
11083;species or below;10789;10789;
3052560;species or below;1;1;
90961;species or below;11791;11791;
12091;genus;53;6;
11270;null;57;1;
33745;species or below;9163;9163;
12063;species or below;7224;7224;
41856;species or below;858;858;
11591;species or below;11267;11267;
2846071;species or below;1;1;
3052666;species or below;1;1;
2169668;genus;5282;1698;
35304;species or below;11813;11813;
2732527;null;1;1;
10375;genus;57797;5071;
10798;species or below;4918;4918;
1972577;species or below;1;1;
2946640;null;1;1;
197912;genus;1;1;
2951618;species or below;1;1;
11034;species or below;11652;11652;
114727;species or below;40;40;
337041;species or below;1;1;
132475;species or below;141483;141483;
2732533;null;1;1;
333774;null;1;1;
1891726;species or below;1;1;
10533;species or below;13397;13397;
10912;genus;254;254;
12058;null;1991;11;
2955291;species or below;1;1;
10335;species or below;116999;116999;
32603;species or below;116998;116998;
12509;species or below;29337;29337;
2509511;null;596;596;
12637;species or below;129;129;
262897;null;22689;22689;
2731360;null;81;1;
11320;species or below;4091;4091;
11157;null;1;1;
12730;species or below;15571;15571;
11908;species or below;6320;6320;
10319;genus;175229;3;
515177;species or below;231;231;
122929;null;22517;22517;
290314;species or below;7186;7186;
10405;genus;469;118;
1868658;species or below;6352;6352;
99000;species or below;1;1;
2946639;null;1;1;
2559587;null;13376;1;
3044472;null;172;120;
12092;species or below;7444;7444;
11271;genus;46;12;
1803956;species or below;7318;7318;
1678143;species or below;19569;19569;
122928;null;30485;30485;
3048448;species or below;1;1;
1501396;species or below;12066;12066;
2732506;null;14;3;
151340;null;94;37;
10376;species or below;139359;139359;
1891762;species or below;4725;4725;
2732534;null;1;1;
2955935;species or below;1;1;
573824;species or below;7012;7012;
33746;species or below;9085;9085;
11584;genus;2502;46;
464095;null;4940;1;
552592;null;7459;7459;
3050292;species or below;1;1;
2760809;species or below;6972;6972;
290008;species or below;11059;11059;
2497571;null;1;1;
2732462;null;1;1;
11277;species or below;16701;16701;
340017;null;7284;7284;
356114;species or below;9245;9245;
234601;species or below;7199;7199;
1868215;genus;25;25;
11070;species or below;10586;10586;
3052345;species or below;1;1;
39759;genus;462;433;
119210;species or below;1;1;
197913;genus;1;1;
1980410;null;68;1;
10255;species or below;59612;59612;
28875;species or below;17980;17980;
11021;species or below;11597;11597;
2732397;null;1;1;
10241;null;7974;3196;
54290;species or below;9355;9355;
688449;genus;270;270;
273359;species or below;11823;11823;
2732507;null;1;1;
11617;null;10188;1;
1891713;genus;7947;189;
208294;genus;1;1;
1529924;null;7499;7499;
11086;species or below;9778;9778;
11019;genus;830;618;
2732529;null;1;1;
3052230;species or below;8893;8893;
10243;species or below;70055;70055;
1511891;species or below;299;299;
10298;species or below;130730;130730;
2732541;null;153;1;
3050293;species or below;1;1;
2732406;null;3;3;
38767;species or below;11908;11908;
2560076;null;7;1;
2732405;null;1;1;
11053;species or below;10657;10657;
3048175;species or below;1;1;
518987;species or below;14213;14213;
11266;null;1;1;
102793;species or below;1;1;
11041;species or below;18546;18546;
687340;species or below;3432;3432;
36427;species or below;17581;17581;
11234;species or below;15865;15865;
333760;species or below;7873;7873;
1246677;null;7353;7353;
1699095;species or below;23100;23100;
2946633;null;1;1;
490043;null;1;1;
3048413;species or below;1;1;
1891714;genus;1305;143;
2732461;null;1;1;
37124;species or below;11775;11775;
59301;species or below;11377;11377;
11085;species or below;10870;10870;
10242;genus;350508;267285;
3048287;species or below;1;1;
40119;null;4318;1;
138950;species or below;7362;7362;
1332244;species or below;11875;11875;
2497574;null;1;1;
227984;species or below;28753;28753;
93838;species or below;11702;11702;
11020;species or below;11387;11387;
12538;species or below;11887;11887;
3048459;species or below;1;1;
3052558;species or below;1;1;
186938;genus;131;1;
1263720;species or below;2625;2625;
2499411;null;1;1;
337043;species or below;7828;7828;
3052409;species or below;1;1;
493803;species or below;5170;5170;
38804;species or below;131679;131679;
38766;species or below;11970;11970;
11029;species or below;18578;18578;
2905917;species or below;10355;10355;
2842321;null;1;1;
10515;species or below;1;1;
11040;genus;3;3;
687329;null;1994;205;
649604;species or below;20323;20323;
208893;species or below;9278;9278;
1330524;species or below;7764;7764;
11572;genus;11139;1193;
1653394;genus;115;16;
2842242;null;1;1;
1972573;species or below;1;1;
548681;null;56;13;
80937;species or below;11962;11962;
586418;genus;521;220;
11244;null;5;3;
63746;species or below;849;849;
327046;null;866;63;
3050294;species or below;1;1;
42789;species or below;7301;7301;
211044;species or below;11981;11981;
2560066;null;1;1;
3052468;species or below;1;1;
3049954;species or below;1;1;
10357;null;251;27;
153136;genus;39;5;
2732532;null;1;1;
138951;species or below;7227;7227;
1821749;species or below;1;1;
10278;genus;1;1;
333750;genus;49;8;
76804;null;1;1;
11552;species or below;1;1;
641809;species or below;11915;11915;
10404;null;72;9;
11118;null;1980;962;
10358;genus;187932;1531;
3044781;genus;49;23;
11033;species or below;11396;11396;
673457;null;7599;7599;
147711;species or below;7117;7117;
280756;species or below;1;1;
687331;genus;2211;188;
1972576;species or below;1;1;
2732543;null;1;1;
2946630;null;1;1;
11039;species or below;22362;22362;
1330491;species or below;7383;7383;
2732092;null;1;1;
11089;species or below;10827;10827;
39733;null;1258;432;
3152209;null;5;1;
11102;genus;1606;3;
12103;genus;433;1;
10245;species or below;37727;37727;
33757;species or below;7165;7165;
2732459;null;1;1;
1280920;species or below;7491;7491;
2732515;null;1;1;
2732559;null;1;1;
694002;genus;38;17;
2849715;species or below;7291;7291;
3052464;species or below;1;1;
138948;species or below;7333;7333;
2497576;null;1;1;
2732415;null;1;1;
11580;species or below;11872;11872;
2732408;null;60;10;
10279;species or below;1;1;
2499399;null;1;1;
3050295;species or below;1;1;
2732008;null;1;1;
1891765;species or below;1;1;
2946635;null;1;1;
1511804;genus;14;1;
10258;species or below;108410;108410;
37296;species or below;135138;135138;
3044782;genus;1767;1240;
40121;genus;242;211;
10379;genus;32389;20;
11553;species or below;12697;12697;
11646;genus;124;5;
10310;species or below;108193;108193;
11018;null;1;1;
2169701;species or below;19374;19374;
440266;species or below;5190;5190;
2170203;species or below;10350;10350;
10359;species or below;230177;230177;
12104;species or below;7718;7718;
11632;null;306;1;
10244;species or below;86030;86030;
3052300;species or below;1;1;
3052407;species or below;1;1;
10803;genus;210;16;
11060;species or below;10606;10606;
114729;species or below;1;1;
10509;genus;10006;431;
1348384;species or below;1;1;
10566;species or below;7186;7186;
3052684;species or below;1;1;
2732544;null;2;1;
2170195;species or below;9530;9530;
3046277;species or below;1;1;
2732551;null;1;1;
12475;species or below;7975;7975;
1511805;species or below;6;6;
10280;species or below;182943;182943;
64320;species or below;21078;21078;
3048158;species or below;1;1;
28285;species or below;14074;14074;
118655;species or below;11835;11835;
77763;species or below;1;1;
10780;null;4546;1;
95341;genus;1;1;
35323;genus;1;1;
3240447;species or below;1;1;
651733;species or below;6939;6939;
1;null;1;1;
10294;genus;80514;68240;
3049952;species or below;1;1;
3050296;species or below;1;1;
11588;species or below;11877;11877;
488241;species or below;11208;11208;
2732409;null;1;1;
11974;null;553;1;
397342;species or below;39805;39805;
