taxid; rank; kmers 1; kmers 2; reads 1; reads 2;
1;null;1;1;1;1;
10239;null;23138538;1;567766;1;
2559587;null;53414;1;10809;1;
2732396;null;788675;1;141637;1;
2497569;null;40;1;195;1;
2497570;null;1;1;1;1;
2497574;null;1;1;1;1;
11157;null;1;1;1;1;
11158;null;1;1;1;1;
2560076;null;1;1;1;1;
11229;genus;1;1;1;1;
3052345;species or below;1;1;1;1;
11234;species or below;1;1;1;1;
2560080;null;1;1;1;1;
2560195;genus;1;1;1;1;
3052558;species or below;1;1;1;1;
2905673;species or below;1;1;1;1;
3052560;species or below;1;1;1;1;
2560602;species or below;1;1;1;1;
3152209;null;1;1;1;1;
186938;genus;1;1;1;1;
3049952;species or below;1;1;1;1;
12730;species or below;1;1;1;1;
11244;null;1;1;1;1;
1868215;genus;1;1;1;1;
3049954;species or below;1;1;1;1;
11250;species or below;1;1;1;1;
208893;species or below;1;1;1;1;
11270;null;1;1;12;1;
2842407;null;1;1;1;1;
11271;genus;1;1;1;1;
1972573;species or below;1;1;1;1;
290008;species or below;1;1;1;1;
1972576;species or below;1;1;1;1;
11272;species or below;1;1;1;1;
1972577;species or below;1;1;1;1;
11277;species or below;1;1;1;1;
11286;genus;1;1;1;1;
11292;species or below;1;1;1;1;
12538;species or below;1;1;1;1;
38766;species or below;1;1;1;1;
38767;species or below;1;1;1;1;
90961;species or below;1;1;1;1;
2951618;species or below;1;1;1;1;
57482;species or below;1;1;1;1;
1955138;null;1;1;1;1;
11266;null;1;1;1;1;
3044781;genus;1;1;1;1;
3052462;species or below;1;1;1;1;
186538;species or below;1;1;1;1;
2497571;null;1;1;1;1;
2497577;null;1;1;1;1;
2499411;null;1;1;1;1;
11308;null;1;1;1;1;
35323;genus;1;1;1;1;
352235;genus;1;1;1;1;
11318;species or below;1;1;1;1;
197911;genus;1;1;1;1;
2955291;species or below;1;1;1;1;
11320;species or below;1;1;1;1;
114727;species or below;1;1;1;1;
211044;species or below;1;1;1;1;
197912;genus;1;1;1;1;
2955465;species or below;1;1;1;1;
11520;species or below;1;1;1;1;
518987;species or below;1;1;1;1;
197913;genus;1;1;1;1;
2955935;species or below;1;1;1;1;
11552;species or below;1;1;1;1;
11553;species or below;1;1;1;1;
3151693;null;8791;1;1893;1;
3151837;null;2618;1;277;1;
1980416;null;1;1;1;1;
11572;genus;5233;1;1441;1;
3052381;species or below;1;1;1;1;
35304;species or below;1;1;1;1;
3052407;species or below;1;1;1;1;
11580;species or below;1;1;1;1;
3052409;species or below;1;1;1;1;
11577;species or below;1;1;1;1;
3052429;species or below;1;1;1;1;
118655;species or below;1;1;1;1;
3151839;null;1;1;2;1;
11617;null;1;1;1;1;
1653394;genus;1;1;1;1;
2169991;species or below;1;1;1;1;
3052300;species or below;1;1;1;1;
2905917;species or below;1;1;1;1;
1980418;null;1;1;5;1;
11584;genus;1;1;14;1;
3052666;species or below;1;1;1;1;
206160;species or below;1;1;1;1;
3052676;species or below;1;1;1;1;
11588;species or below;1;1;1;1;
3052684;species or below;1;1;1;1;
11587;species or below;1379;1379;609;694;
2734594;genus;1;1;1;1;
3052811;species or below;1;1;1;1;
11591;species or below;1;1;1;1;
2732405;null;1;1;1;1;
2732459;null;1;1;1;1;
2788829;null;1;1;1;1;
2732541;null;1;1;1;1;
2946186;null;1;1;1;1;
10912;genus;1;1;1;1;
3432193;species or below;1;1;1;1;
28875;species or below;1;1;1;1;
3432194;species or below;1;1;1;1;
1348384;species or below;1;1;1;1;
335103;species or below;1;1;1;1;
3432203;species or below;1;1;1;1;
36427;species or below;1;1;1;1;
208294;genus;1;1;1;1;
3240447;species or below;1;1;1;1;
77763;species or below;1;1;1;1;
649604;species or below;1;1;1;1;
2732406;null;25103;1;10527;1;
2732461;null;1;1;829;1;
2732543;null;1;1;1;1;
2560066;null;1;1;1;1;
11040;genus;1;1;1;1;
2846071;species or below;1;1;1;1;
11041;species or below;1;1;1;1;
3079366;null;1;1;1;1;
2946639;null;1;1;1;1;
2948857;genus;1;1;1;1;
1678143;species or below;1;1;1;1;
2732544;null;2185;1;1809;1;
11018;null;1;1;1;1;
11019;genus;10615;1;7695;1;
3426294;species or below;1;1;1;1;
11020;species or below;1;1;1;1;
3426298;species or below;1;1;1;1;
37124;species or below;21;21;11;14;
3426299;species or below;1;1;1;1;
11021;species or below;1;1;1;1;
3426306;species or below;1;1;1;1;
59301;species or below;1;1;1;1;
3426312;species or below;1;1;1;1;
2169701;species or below;1;1;1;1;
3426314;species or below;1;1;1;1;
11029;species or below;9723;27133;4389;16695;
3426317;species or below;1;1;1;1;
11033;species or below;1;1;1;1;
3426318;species or below;1;1;1;1;
11034;species or below;1;1;1;1;
3426322;species or below;1;1;1;1;
11036;species or below;1;1;1;1;
3426323;species or below;1;1;1;1;
11039;species or below;1;1;1;1;
2732462;null;1;1;1;1;
2732545;null;1;1;1;1;
11050;null;1;1;241;1;
11102;genus;2201;1;482;1;
3052230;species or below;31838;1;13135;1;
41856;species or below;14573;610566;2209;241731;
1307799;genus;1;1;1;1;
3052608;species or below;1;1;1;1;
54290;species or below;1;1;1;1;
3044782;genus;1;1;1;1;
3046277;species or below;1;1;1;1;
11089;species or below;1;1;1;1;
3048158;species or below;1;1;1;1;
11072;species or below;1;1;1;1;
3048175;species or below;1;1;1;1;
11085;species or below;1;1;1;1;
3048184;species or below;1;1;1;1;
11086;species or below;1;1;1;1;
3048215;species or below;1;1;1;1;
11079;species or below;1;1;1;1;
3048287;species or below;1;1;1;1;
11083;species or below;1;1;1;1;
3048448;species or below;1;1;1;1;
11082;species or below;1;1;1;1;
3048459;species or below;1;1;1;1;
64320;species or below;1;1;1;1;
3052464;species or below;1;1;1;1;
12637;species or below;1;1;1;1;
11053;species or below;1;1;1;1;
11060;species or below;1;1;1;1;
11069;species or below;1;1;1;1;
11070;species or below;1;1;1;1;
3052468;species or below;1;1;1;1;
11080;species or below;1;1;1;1;
2732408;null;45901;1;16774;1;
2732506;null;728;1;260;1;
76804;null;1;1;1;1;
2499399;null;1;1;1;1;
11118;null;1;1;1;1;
2501931;null;91;1;71;1;
693996;genus;446;1;284;1;
2509480;genus;1;1;1;1;
3433756;species or below;1;1;1;1;
11137;species or below;3;21771;3;15702;
1699095;species or below;1;1;1;1;
694002;genus;1;1;1;1;
2509494;genus;1;1;1;1;
3433633;species or below;1;1;1;1;
1335626;species or below;1;1;1;1;
1263720;species or below;1;1;1;1;
2509511;genus;8;1;3;1;
3418604;species or below;38;1;2;1;
694009;species or below;1;1;1;1;
2901879;species or below;1;1;1;1;
227984;species or below;1;1;1;1;
2697049;species or below;434;5395;241;3381;
464095;null;1;1;7;1;
11974;null;1;1;1;1;
95341;genus;1;1;1;1;
3432266;species or below;1;1;1;1;
95342;species or below;1;1;1;1;
515177;species or below;1;1;1;1;
290314;species or below;1;1;1;1;
142786;genus;1;1;1;1;
3431196;species or below;1;1;1;1;
11983;species or below;1;1;1;1;
122928;null;1;1;1;1;
235544;null;1;1;1;1;
1529909;null;1;1;1;1;
1903318;null;1;1;1;1;
12058;null;1;1;1;1;
2946627;null;1;1;1;1;
12103;genus;1;1;1;1;
3427730;species or below;1;1;1;1;
1821749;species or below;1;1;1;1;
12104;species or below;2259;138059;437;13920;
586418;genus;1;1;1;1;
3428094;species or below;1;1;1;1;
1330491;species or below;1;1;1;1;
2946630;null;1;1;1;1;
2960224;null;1;1;1;1;
12059;genus;1;1;1;1;
3428500;species or below;1;1;1;1;
138948;species or below;1;1;1;1;
33757;species or below;1;1;1;1;
2760809;species or below;1;1;1;1;
3428501;species or below;1;1;1;1;
147711;species or below;1;1;1;1;
573824;species or below;1;1;1;1;
3428505;species or below;1;1;1;1;
138950;species or below;1;1;1;1;
3428506;species or below;1;1;1;1;
138951;species or below;1;1;1;1;
42789;species or below;1;1;1;1;
2946633;null;1;1;1;1;
12091;genus;1;1;1;1;
3407641;species or below;1;1;1;1;
12092;species or below;1;1;1;1;
2946635;null;1;1;1;1;
194960;genus;1;1;1;1;
72149;species or below;1;1;1;1;
1313215;species or below;1;1;1;1;
688449;genus;1;1;1;1;
3432241;species or below;1;1;1;1;
1330524;species or below;1;1;1;1;
651733;species or below;1;1;1;1;
1511804;genus;1;1;1;1;
3432189;species or below;1;1;1;1;
1511805;species or below;1;1;1;1;
1511807;species or below;1;1;1;1;
2946640;null;1;1;1;1;
138954;genus;1;1;1;1;
3431395;species or below;1;1;1;1;
1803956;species or below;1;1;1;1;
12063;species or below;1;1;1;1;
2732507;null;1;1;1;1;
2732551;null;1;1;1;1;
39733;null;1;1;1;1;
352926;null;1;1;1;1;
1868658;species or below;1;1;1;1;
2732397;null;1;1;1;1;
2732409;null;1;1;1;1;
2732514;null;1;1;1;1;
2169561;null;1;1;1;1;
11632;null;1;1;1;1;
327045;null;1;1;1;1;
153136;genus;1;1;1;1;
3428212;species or below;1;1;1;1;
194440;species or below;1;1;1;1;
11908;species or below;1;1;1;1;
1233735;null;1;1;1;1;
11646;genus;1;1;1;1;
3418650;species or below;1;1;1;1;
11676;species or below;1;1;1;1;
327046;null;1;1;1;1;
2169668;genus;1;1;1;1;
3432458;species or below;1;1;1;1;
2170195;species or below;1;1;1;1;
3432460;species or below;1;1;1;1;
2170203;species or below;1;1;1;1;
2732515;null;1;1;1;1;
10404;null;1;1;1;1;
10405;genus;1;1;1;1;
3431302;species or below;1;1;1;1;
10407;species or below;1;1;1;1;
2731341;null;1;1;1;1;
2731360;null;24729;1;3221;1;
2731361;null;1;1;1;1;
2731363;null;1;1;1;1;
548681;null;66082;1;10916;1;
3044472;null;57696;1;3554;1;
10293;null;591;1;159;1;
10294;genus;2;1;6;1;
3050256;species or below;1;1;1;1;
10317;species or below;19614;1976839;5112;402000;
3050292;species or below;1;1;1;1;
10298;species or below;1774;3328;830;1052;
3050293;species or below;1;1;1;1;
10310;species or below;2879;2879;341;881;
10319;genus;7010;1;301;1;
3050294;species or below;1;1;1;1;
10335;species or below;18000;30683;2260;11341;
10357;null;11806;1;5154;1;
10358;genus;4037;1;773;1;
3050295;species or below;1;1;1;1;
10359;species or below;4;4;2;2;
40272;genus;405;1;23;1;
3050296;species or below;1;1;1;1;
32603;species or below;2861;10071;724;994;
3050298;species or below;1;1;1;1;
10372;species or below;35463;94238;4460;10195;
10374;null;1923;1;369;1;
10375;genus;1;1;1;1;
3050299;species or below;1;1;1;1;
10376;species or below;373;407;118;131;
12509;species or below;1;1;1;1;
10379;genus;1;1;1;1;
3050300;species or below;1;1;1;1;
37296;species or below;31;35;16;16;
2731342;null;1;1;1;1;
2732092;null;1;1;377;1;
2732415;null;1;1;1;1;
2732421;null;1;1;1;1;
2732532;null;1;1;1;1;
151341;null;1;1;1;1;
1891713;genus;1;1;1;1;
1891726;species or below;1;1;1;1;
493803;species or below;143;143;3;3;
1891714;genus;1;1;1;1;
1891762;species or below;1;1;1;1;
1891763;species or below;1;1;1;1;
10632;species or below;1;1;1;1;
1891764;species or below;1;1;1;1;
1891765;species or below;1;1;1;1;
440266;species or below;1;1;1;1;
2732533;null;1;1;1;1;
2788857;null;1;1;1;1;
151340;null;1;1;1;1;
333774;null;1;1;1;1;
173087;null;1;1;1;1;
10566;species or below;1;1;1;1;
2169595;null;1;1;1;1;
333750;genus;1;1;1;1;
337041;species or below;1;1;1;1;
333760;species or below;88;88;52;54;
337043;species or below;1;1;1;1;
334202;genus;1;1;1;1;
334203;species or below;1;1;1;1;
2732422;null;1;1;1;1;
2732534;null;1;1;1;1;
10780;null;1;1;1;1;
40119;null;1;1;1;1;
10803;genus;1;1;1;1;
1511891;species or below;1;1;1;1;
10804;species or below;1;1;1;1;
40121;genus;1;1;1;1;
3052189;species or below;1;1;1;1;
10798;species or below;1;1;1;1;
3412625;null;1;1;1;1;
3412723;null;1;1;1;1;
3420546;null;1;1;1;1;
687329;null;16;1;1;1;
687331;genus;9;1;1;1;
3048413;species or below;1;1;1;1;
687340;species or below;1;12;1;2;
2732004;null;1;1;1;1;
2732005;null;881;1;204;1;
2732007;null;3140;1;1189;1;
2732525;null;1;1;1;1;
2732527;null;1;1;1;1;
10240;null;1;1;20;1;
10241;null;678;1;297;1;
10242;genus;3601;1;195;1;
10245;species or below;1;1;1;1;
397342;species or below;1;6;1;3;
3431481;species or below;1;1;1;1;
10243;species or below;175;8040;78;1511;
3431483;species or below;1;1;1;1;
10244;species or below;2929;12809;976;5965;
3431487;species or below;1;1;1;1;
10255;species or below;500;5619;201;3583;
10257;genus;1;1;1;1;
3431389;species or below;1;1;1;1;
10258;species or below;1;1;1;1;
10278;genus;1;1;1;1;
3430922;species or below;1;1;1;1;
10279;species or below;1;1;1;1;
10280;species or below;18781;256560;6472;36710;
10282;genus;1;1;1;1;
3433538;species or below;1;1;1;1;
99000;species or below;1;1;1;1;
132475;species or below;28526;28526;2124;2132;
3433539;species or below;1;1;1;1;
38804;species or below;1169;102640;506;17672;
2732008;null;1;1;1;1;
3412694;null;1;1;1;1;
3412727;null;1;1;1;1;
2732559;null;1;1;1;1;
10508;null;1;1;1;1;
10509;genus;1;1;1;1;
3241411;species or below;1;1;1;1;
129951;species or below;1;1;1;1;
10515;species or below;1;1;1;1;
10533;species or below;88;88;14;14;
28285;species or below;1;1;1;1;
2842242;null;1;1;1;1;
3471199;null;1;1;1;1;
2842321;null;1;1;1;1;
39759;genus;1;1;1;1;
2844074;species or below;1;1;1;1;
12475;species or below;1;1;1;1;
