taxid;rank;kmers 1;kmers 2;reads 1;reads 2;
10239;null;23138538;23138538;567766;567766;
38018;species or below;185;185;95;95;
12429;null;8782;8782;3065;3065;
2219109;species or below;2480;2480;1534;1534;
2219110;species or below;6315;6315;3176;3176;
302070;species or below;3;3;3;3;
1538101;species or below;501;501;80;80;
159252;species or below;78;78;48;48;
1519389;species or below;3253;3253;1239;1239;
1587517;species or below;314;314;172;172;
1678078;species or below;43331;43331;10972;10972;
1685740;species or below;24;24;6;6;
1685748;species or below;2;2;1;1;
1685756;species or below;15;15;3;3;
1736634;species or below;562;562;238;238;
1843768;species or below;915;915;305;305;
1904876;species or below;347;347;146;146;
1911439;species or below;86;86;39;39;
1920988;species or below;366;366;188;188;
1932881;species or below;37;37;37;37;
1955175;species or below;3289;3289;655;655;
1955197;species or below;2;2;1;1;
2080449;species or below;29248;29248;7060;7060;
2109373;species or below;108;108;40;40;
1521392;species or below;5;5;3;3;
2293296;species or below;51;51;20;20;
2805939;species or below;2;2;2;2;
1100043;species or below;495;495;175;175;
2060084;genus;564618;564618;52473;52473;
1349409;species or below;273167;273167;101510;101510;
1349410;species or below;372198;372198;119452;119452;
1605721;species or below;81764;81764;21785;21785;
2107707;species or below;190711;190711;59947;59947;
2107708;species or below;57448;57448;13840;13840;
2107709;species or below;105682;105682;50624;50624;
2175117;species or below;4308;4308;1196;1196;
1391455;species or below;189;189;30;30;
2559587;null;53414;53414;10809;10809;
12450;species or below;35917;35917;14607;14607;
218667;species or below;1537;1537;757;757;
340187;species or below;22;22;7;7;
640897;species or below;1543;1543;743;743;
1170424;species or below;3;3;2;2;
1170425;species or below;4;4;2;2;
1457165;species or below;15;15;9;9;
1922353;species or below;66;66;50;50;
1922557;species or below;3;3;3;3;
1922583;species or below;5;5;3;3;
1922595;species or below;1345;1345;423;423;
1922616;species or below;18308;18308;2282;2282;
1922626;species or below;4;4;2;2;
1922677;species or below;5;5;3;3;
1922707;species or below;1018;1018;591;591;
1922716;species or below;445;445;215;215;
1922772;species or below;128;128;94;94;
1922796;species or below;18;18;10;10;
1922876;species or below;6;6;5;5;
1922925;species or below;115;115;44;44;
1922997;species or below;61;61;27;27;
1922998;species or below;57;57;18;18;
1923146;species or below;4;4;2;2;
1923260;species or below;2;2;2;2;
1923407;species or below;78;78;15;15;
1923418;species or below;11;11;5;5;
1923446;species or below;13;13;3;3;
1923478;species or below;2;2;2;2;
1923486;species or below;12;12;6;6;
1923488;species or below;3;3;1;1;
1923489;species or below;2;2;2;2;
1923564;species or below;96;96;23;23;
1923701;species or below;145;145;70;70;
1923706;species or below;5;5;4;4;
1923713;species or below;776;776;511;511;
1923717;species or below;64;64;39;39;
1923743;species or below;65;65;41;41;
1923751;species or below;3;3;2;2;
1923752;species or below;10;10;4;4;
1923755;species or below;18;18;6;6;
1923760;species or below;2;2;2;2;
1923770;species or below;4;4;3;3;
2025595;species or below;430;430;232;232;
2873234;species or below;925;925;346;346;
2732396;null;788675;788675;141637;141637;
2497569;null;40;40;195;195;
1922664;species or below;28;28;15;15;
2560310;species or below;7;7;6;6;
2811341;species or below;22;22;7;7;
11270;null;1;1;12;12;
2058093;species or below;5362;5362;1920;1920;
2787157;species or below;247;247;40;40;
2602440;species or below;4;4;3;3;
1272953;species or below;7;7;7;7;
2793719;species or below;6379;6379;1673;1673;
2903266;species or below;4970;4970;35;35;
2676436;species or below;16;16;16;16;
2805917;species or below;260;260;90;90;
2364291;species or below;9;9;1;1;
2713499;species or below;74;74;57;57;
1608105;species or below;83;83;30;30;
1884879;species or below;2;2;2;2;
644610;species or below;1059;1059;284;284;
1922654;species or below;79;79;16;16;
2810811;species or below;88;88;68;68;
2735940;species or below;239;239;56;56;
1195087;species or below;3;3;2;2;
2116488;species or below;25;25;13;13;
2840185;species or below;20;20;20;20;
1608141;species or below;2;2;1;1;
2746375;species or below;11;11;6;6;
2905569;species or below;670;670;348;348;
2746356;species or below;17;17;17;17;
2746353;species or below;253;253;118;118;
2773460;species or below;1768;1768;573;573;
2792567;species or below;15505;15505;2082;2082;
2840018;species or below;5160;5160;2150;2150;
2905567;species or below;217;217;109;109;
2973795;species or below;3;3;2;2;
2847797;species or below;235;235;113;113;
2879396;species or below;126;126;62;62;
55987;species or below;151;151;37;37;
3151693;null;8791;8791;1893;1893;
3151837;null;2618;2618;277;277;
1980431;species or below;92;92;43;43;
1980433;species or below;388;388;255;255;
2660760;species or below;2;2;2;2;
3070201;species or below;14;14;3;3;
2595002;species or below;934;934;316;316;
2603627;species or below;56;56;15;15;
2778521;species or below;253;253;87;87;
2742449;species or below;234;234;105;105;
3051403;species or below;544;544;254;254;
660954;species or below;28089;28089;3864;3864;
1283294;species or below;562;562;207;207;
1633187;species or below;16;16;3;3;
467989;species or below;199;199;101;101;
1980493;species or below;1057;1057;426;426;
11572;genus;5233;5233;1441;1441;
273355;species or below;13757;13757;4630;4630;
2303487;species or below;3029;3029;904;904;
35309;species or below;5807;5807;1919;1919;
2748206;species or below;54;54;54;54;
348014;species or below;14;14;14;14;
1406134;species or below;53;53;31;31;
1590834;species or below;84;84;40;40;
2748201;species or below;52;52;8;8;
1821545;species or below;53;53;15;15;
273356;species or below;1056;1056;675;675;
999729;species or below;570;570;300;300;
273352;species or below;28;28;15;15;
1590836;species or below;16;16;16;16;
292278;species or below;14;14;3;3;
35318;species or below;1908;1908;632;632;
1138490;species or below;916;916;484;484;
159150;species or below;23970;23970;3770;3770;
3052441;species or below;38580;38580;4162;4162;
273354;species or below;4973;4973;2728;2728;
2496585;species or below;322;322;153;153;
2609058;species or below;39;39;22;22;
2748204;species or below;3973;3973;817;817;
2818228;species or below;2;2;1;1;
35308;species or below;127;127;37;37;
2748208;species or below;71;71;41;41;
348010;species or below;11;11;11;11;
2748205;species or below;32;32;28;28;
1927814;species or below;1939;1939;642;642;
442713;species or below;341;341;151;151;
2748198;species or below;137;137;45;45;
1266451;species or below;2863;2863;1004;1004;
2572766;species or below;377;377;104;104;
629728;species or below;2;2;2;2;
2847800;species or below;36;36;8;8;
2789453;species or below;3211;3211;1399;1399;
1980419;null;374;374;109;109;
2560196;genus;4305;4305;438;438;
693450;species or below;12013;12013;4362;4362;
2212644;species or below;667;667;434;434;
1629551;species or below;15;15;14;14;
309542;species or below;1698;1698;526;526;
163325;species or below;410;410;98;98;
1414655;species or below;18;18;2;2;
83871;species or below;120;120;52;52;
3052571;species or below;17;17;13;13;
76052;species or below;3;3;1;1;
83872;species or below;1128;1128;586;586;
980895;species or below;17;17;16;16;
2736661;species or below;373;373;101;101;
11612;species or below;8729;8729;2723;2723;
60456;species or below;49909;49909;16759;16759;
89471;species or below;800;800;331;331;
485724;species or below;36;36;17;17;
1033976;species or below;3646;3646;1228;1228;
3052582;species or below;2905;2905;1596;1596;
304859;species or below;1981;1981;763;763;
12851;species or below;5;5;4;4;
3052585;species or below;1844;1844;510;510;
460926;species or below;1005;1005;463;463;
1027232;species or below;4402;4402;1456;1456;
1857323;species or below;1865;1865;624;624;
3052303;species or below;92;92;46;46;
1134579;species or below;134;134;54;54;
1980517;genus;47;47;18;18;
1714376;species or below;5;5;5;5;
1810944;species or below;7208;7208;4272;4272;
1810947;species or below;252;252;42;42;
2795181;species or below;238;238;82;82;
1608068;species or below;1307;1307;325;325;
3118717;species or below;3839;3839;2205;2205;
1608143;species or below;3;3;2;2;
1980418;null;1;1;5;5;
11584;genus;1;1;14;14;
206377;species or below;50;50;20;20;
904679;species or below;56;56;16;16;
1649830;species or below;1248;1248;430;430;
1649829;species or below;1475;1475;562;562;
1460451;species or below;38172;38172;10071;10071;
1048855;species or below;526;526;333;333;
11587;species or below;1379;1379;609;609;
1926502;species or below;263;263;109;109;
12329;genus;1;1;3;3;
2661631;species or below;13;13;13;13;
3052762;species or below;150;150;28;28;
3052764;species or below;52;52;33;33;
3052767;species or below;29453;29453;6764;6764;
2810810;species or below;31;31;17;17;
2034156;species or below;16;16;9;9;
1608095;species or below;40;40;16;16;
2547431;species or below;225;225;118;118;
2164103;species or below;3;3;2;2;
2599343;species or below;23310;23310;2668;2668;
1922934;species or below;7;7;7;7;
1608125;species or below;27659;27659;10145;10145;
2485920;species or below;2;2;2;2;
764348;species or below;2399;2399;680;680;
284687;species or below;285;285;235;235;
664255;species or below;9;9;9;9;
2560520;species or below;2;2;2;2;
158372;species or below;1168;1168;273;273;
1587509;species or below;4289;4289;590;590;
759389;species or below;3942;3942;1450;1450;
1497848;species or below;45;45;18;18;
1798085;species or below;54070;54070;20430;20430;
2973078;genus;1;1;9;9;
1849539;species or below;45;45;28;28;
2499625;species or below;21134;21134;12357;12357;
483537;species or below;2097;2097;1373;1373;
1087068;species or below;9505;9505;4190;4190;
2936613;species or below;2226;2226;764;764;
2867550;species or below;6417;6417;3181;3181;
907191;species or below;79;79;36;36;
1004049;species or below;19;19;10;10;
1811230;species or below;3475;3475;1199;1199;
1577776;species or below;1361;1361;968;968;
205908;species or below;10;10;10;10;
134606;species or below;7;7;3;3;
2732406;null;25103;25103;10527;10527;
675063;null;1;1;45;45;
630199;species or below;422;422;110;110;
59749;species or below;718;718;366;366;
70823;species or below;135553;135553;45445;45445;
2086641;species or below;5;5;2;2;
2843917;species or below;14;14;8;8;
2292642;species or below;457;457;252;252;
1881013;species or below;3;3;2;2;
112229;species or below;658;658;298;298;
1921009;species or below;3021;3021;1868;1868;
213034;species or below;209;209;152;152;
2650000;species or below;195;195;85;85;
2838076;species or below;1869;1869;981;981;
2777710;species or below;2;2;2;2;
47900;species or below;14039;14039;7153;7153;
2754817;species or below;9657;9657;4647;4647;
148879;species or below;50;50;50;50;
3071279;species or below;4;4;1;1;
2597809;species or below;121;121;78;78;
2283237;species or below;59;59;33;33;
1978413;species or below;234;234;104;104;
1502101;species or below;946;946;582;582;
1871631;species or below;19;19;4;4;
2338396;species or below;325;325;206;206;
2219092;species or below;246;246;128;128;
1788309;species or below;523;523;271;271;
373373;species or below;452;452;283;283;
76343;species or below;2;2;2;2;
2152923;species or below;4196;4196;2196;2196;
1678146;species or below;12030;12030;5628;5628;
1016879;species or below;10052;10052;4768;4768;
2732544;null;2185;2185;1809;1809;
11019;genus;10615;10615;7695;7695;
37124;species or below;21;21;11;11;
1440170;species or below;25;25;9;9;
59302;species or below;2875;2875;1463;1463;
11029;species or below;9723;9723;4389;4389;
1159195;species or below;1041;1041;476;476;
135246;species or below;346;346;248;248;
59304;species or below;181;181;63;63;
48543;species or below;1701;1701;1182;1182;
12300;genus;2714;2714;1119;1119;
2052851;species or below;1241;1241;618;618;
12301;species or below;1125;1125;586;586;
12303;species or below;166;166;101;101;
300879;species or below;5327;5327;2579;2579;
188141;species or below;118;118;69;69;
578305;species or below;50;50;21;21;
12315;species or below;70892;70892;16882;16882;
2419940;species or below;4049;4049;2793;2793;
2292426;species or below;21;21;12;12;
167634;species or below;13;13;8;8;
558690;species or below;6;6;5;5;
1712389;species or below;226;226;193;193;
51330;species or below;2;2;2;2;
642478;species or below;2;2;2;2;
47985;species or below;22;22;6;6;
937809;species or below;159;159;82;82;
2162642;species or below;4;4;2;2;
675071;null;1;1;537;537;
12234;genus;1;1;2;2;
233051;species or below;2988;2988;1751;1751;
185955;species or below;18106;18106;7184;7184;
107804;species or below;9980;9980;3889;3889;
12327;species or below;81;81;51;51;
44421;species or below;20133;20133;8562;8562;
1758139;species or below;458;458;190;190;
1920772;species or below;77304;77304;31066;31066;
2921791;species or below;128;128;74;74;
3071295;species or below;2;2;2;2;
1513278;species or below;317;317;168;168;
2419939;species or below;1225;1225;783;783;
2762435;species or below;1427;1427;970;970;
11050;null;1;1;241;241;
11095;genus;515;515;15;15;
31657;species or below;51;51;19;19;
188938;species or below;103;103;35;35;
2756242;species or below;532;532;229;229;
119222;species or below;81;81;17;17;
11096;species or below;3;3;2;2;
358769;species or below;118;118;72;72;
11102;genus;2201;2201;482;482;
1605403;species or below;4468;4468;1912;1912;
3052230;species or below;31838;31838;13135;13135;
40271;species or below;63569;63569;25471;25471;
41856;species or below;14573;14573;2209;2209;
42182;species or below;3999;3999;2892;2892;
356114;species or below;388;388;253;253;
1544901;species or below;703;703;420;420;
63746;species or below;2430;2430;976;976;
3052236;species or below;12067;12067;6102;6102;
2847087;species or below;14;14;11;11;
1495316;species or below;17;17;17;17;
1678179;species or below;797;797;417;417;
1685953;species or below;23;23;15;15;
2050971;species or below;58;58;21;21;
1172985;species or below;12353;12353;2716;2716;
11084;species or below;27134;27134;10625;10625;
1133728;species or below;20;20;10;10;
2785995;species or below;3;3;2;2;
2786008;species or below;8539;8539;2805;2805;
2786405;species or below;4066;4066;1830;1830;
2786389;species or below;21610;21610;2696;2696;
2732408;null;45901;45901;16774;16774;
11012;null;31596;31596;12672;12672;
37960;null;1;1;966;966;
348449;species or below;4;4;2;2;
659497;species or below;16215;16215;4883;4883;
1408894;species or below;2100;2100;1137;1137;
1408895;species or below;43017;43017;11465;11465;
1411681;species or below;2590;2590;1613;1613;
1511809;genus;26606;26606;6580;6580;
1573459;species or below;1621;1621;485;485;
1323529;species or below;1809;1809;672;672;
1115692;species or below;742;742;343;343;
674982;species or below;9;9;3;3;
235434;species or below;93;93;69;69;
872291;species or below;274778;274778;142516;142516;
1849534;species or below;56;56;33;33;
1323523;species or below;6345;6345;2577;2577;
1249677;species or below;636;636;350;350;
186815;species or below;387;387;212;212;
674983;species or below;15184;15184;7545;7545;
1323524;species or below;1149;1149;444;444;
479713;species or below;6355;6355;2221;2221;
1323528;species or below;38324;38324;13734;13734;
1387301;species or below;3385;3385;1557;1557;
1323525;species or below;14696;14696;4297;4297;
1849533;species or below;17;17;6;6;
1891704;species or below;10;10;4;4;
2025333;species or below;51258;51258;11087;11087;
1511808;genus;1;1;202;202;
1825688;species or below;35;35;14;14;
2043550;species or below;9379;9379;3903;3903;
509923;species or below;103;103;64;64;
529380;species or below;30;30;17;17;
568090;species or below;3859;3859;931;931;
1469908;species or below;202;202;105;105;
859651;species or below;3516;3516;1743;1743;
1469906;species or below;12050;12050;8120;8120;
631431;species or below;12415;12415;5634;5634;
942041;species or below;399;399;217;217;
54289;species or below;114722;114722;34975;34975;
2601605;species or below;186;186;111;111;
2511840;species or below;1615;1615;1203;1203;
40281;species or below;19;19;11;11;
2801155;species or below;43;43;26;26;
2716764;species or below;11;11;3;3;
1074325;species or below;1261;1261;680;680;
2219105;species or below;1193;1193;989;989;
2664558;species or below;20792;20792;9697;9697;
2032989;species or below;122;122;68;68;
1423347;species or below;5753;5753;3504;3504;
2069320;species or below;3722;3722;2142;2142;
2732256;species or below;646;646;325;325;
2698667;species or below;33420;33420;16867;16867;
1708488;species or below;4513;4513;1227;1227;
2501219;species or below;37;37;16;16;
2599955;species or below;8814;8814;3388;3388;
2946823;genus;1;1;2;2;
2599954;species or below;4704;4704;2126;2126;
2715689;species or below;1268;1268;646;646;
2219106;species or below;41;41;24;24;
2732506;null;728;728;260;260;
2283236;species or below;72;72;58;58;
1965068;species or below;165;165;104;104;
1965063;species or below;595;595;251;251;
1705352;species or below;955;955;421;421;
2501931;null;91;91;71;71;
693996;genus;446;446;284;284;
11137;species or below;3;3;3;3;
2509492;genus;2271;2271;1557;1557;
766791;species or below;3;3;3;3;
693999;species or below;4;4;2;2;
2509481;genus;18;18;3;3;
31631;species or below;21;21;20;20;
2509511;genus;8;8;3;3;
3418604;species or below;38;38;2;2;
2697049;species or below;434;434;241;241;
694013;genus;99;99;21;21;
2569586;species or below;608;608;502;502;
694015;species or below;2562;2562;1460;1460;
1312873;genus;1178;1178;677;677;
2053026;species or below;2;2;2;2;
2100419;species or below;97;97;64;64;
96491;species or below;24;24;24;24;
96029;species or below;26;26;7;7;
1922391;species or below;61;61;12;12;
2816848;species or below;149;149;85;85;
405554;species or below;116;116;93;93;
889873;species or below;1289;1289;637;637;
2508244;genus;16;16;11;11;
2508248;genus;1;1;3;3;
2016400;species or below;1094;1094;180;180;
1986118;species or below;1138;1138;236;236;
2806429;species or below;25;25;13;13;
464095;null;1;1;7;7;
303317;species or below;13;13;10;10;
520973;species or below;824;824;237;237;
2034827;species or below;62;62;44;44;
12104;species or below;2259;2259;437;437;
434309;species or below;11;11;5;5;
390157;species or below;361;361;217;217;
1074428;species or below;6876;6876;2776;2776;
1958777;species or below;21;21;19;19;
2773293;species or below;2;2;1;1;
2870363;species or below;9846;9846;3739;3739;
1849328;species or below;49;49;28;28;
310907;species or below;611;611;292;292;
1708572;species or below;2236;2236;975;975;
2871093;species or below;5;5;3;3;
655314;genus;4226;4226;2654;2654;
1659219;species or below;260;260;138;138;
1659220;species or below;32;32;16;16;
1547495;species or below;47;47;31;31;
1150861;species or below;385;385;302;302;
1399966;species or below;440;440;355;355;
1511806;species or below;47;47;6;6;
471728;species or below;64;64;37;37;
2169853;species or below;6621;6621;4468;4468;
2870354;species or below;22;22;19;19;
1914568;species or below;2157;2157;709;709;
2870364;species or below;8922;8922;3382;3382;
2547312;species or below;79;79;54;54;
1041883;species or below;51;51;30;30;
1432856;species or below;1459;1459;828;828;
92444;species or below;4;4;4;4;
2170238;species or below;43;43;9;9;
439016;species or below;8688;8688;4778;4778;
1958784;species or below;2;2;1;1;
439015;species or below;8;8;2;2;
2315692;species or below;95;95;32;32;
1648484;species or below;14;14;11;11;
35287;species or below;749;749;311;311;
101688;species or below;39;39;13;13;
661101;species or below;4;4;3;3;
1481465;species or below;3;3;2;2;
1425364;species or below;514;514;296;296;
2728245;species or below;212;212;97;97;
487492;species or below;14401;14401;6697;6697;
2038685;species or below;53;53;33;33;
748667;species or below;18;18;9;9;
257464;species or below;69;69;51;51;
2789373;species or below;1616;1616;903;903;
2530363;species or below;38;38;15;15;
1676256;species or below;12;12;3;3;
1781241;species or below;15;15;15;15;
2184399;species or below;104;104;47;47;
1813615;species or below;5;5;2;2;
1105380;species or below;18;18;10;10;
1105381;species or below;5783;5783;3026;3026;
699189;null;1350;1350;657;657;
1432857;species or below;86;86;34;34;
1690666;species or below;16;16;7;7;
1906245;species or below;1376;1376;664;664;
2812802;species or below;2178;2178;1050;1050;
436447;species or below;2;2;2;2;
1541119;species or below;1198;1198;634;634;
458132;species or below;28;28;19;19;
2056384;species or below;16;16;2;2;
1591444;species or below;253;253;119;119;
1629132;species or below;1098;1098;530;530;
2099521;species or below;237;237;138;138;
631345;species or below;1049;1049;548;548;
1871153;species or below;52;52;30;30;
2018500;species or below;176;176;76;76;
2018501;species or below;2601;2601;1154;1154;
2018502;species or below;4933;4933;3196;3196;
2607629;species or below;89;89;61;61;
119164;genus;14;14;2;2;
1965355;species or below;2;2;2;2;
12195;genus;350;350;138;138;
436007;species or below;3;3;2;2;
2170423;species or below;843;843;404;404;
443746;species or below;2;2;2;2;
12215;species or below;2;2;2;2;
373398;species or below;2;2;2;2;
433357;species or below;23;23;11;11;
414528;species or below;372;372;210;210;
167129;species or below;26;26;20;20;
70134;species or below;10;10;2;2;
29271;species or below;2475;2475;1628;1628;
369762;species or below;150;150;123;123;
1775963;species or below;130;130;69;69;
187977;species or below;231;231;89;89;
2490442;species or below;5;5;4;4;
1679239;species or below;29;29;15;15;
1406816;species or below;81;81;29;29;
341112;species or below;28;28;7;7;
341111;species or below;795;795;456;456;
91613;species or below;3;3;2;2;
326202;species or below;4;4;3;3;
12465;species or below;17;17;17;17;
2294149;species or below;496;496;129;129;
2306623;species or below;25;25;24;24;
1105378;species or below;948;948;597;597;
1105379;species or below;579;579;362;362;
1254425;species or below;3053;3053;1613;1613;
1961665;species or below;190;190;116;116;
1961666;species or below;725;725;388;388;
627576;species or below;157;157;87;87;
1239580;species or below;2;2;2;2;
1239567;species or below;1037;1037;574;574;
627585;species or below;591;591;409;409;
246343;species or below;1809;1809;824;824;
1074210;species or below;1832;1832;701;701;
1093928;species or below;110;110;72;72;
1141625;species or below;23;23;18;18;
2056548;species or below;80;80;45;45;
166122;species or below;4361635;4361635;188754;188754;
11855;species or below;487;487;42;42;
11867;species or below;62;62;32;32;
11885;species or below;11;11;11;11;
11866;species or below;19;19;10;10;
11878;species or below;100;100;12;12;
11884;species or below;402;402;39;39;
153135;genus;9;9;5;5;
11788;species or below;575;575;61;61;
11764;species or below;138;138;138;138;
11807;species or below;62;62;10;10;
11777;species or below;1648;1648;113;113;
168238;species or below;317;317;40;40;
11780;species or below;704;704;81;81;
11970;species or below;102045;102045;27781;27781;
11663;species or below;114;114;114;114;
32615;species or below;2;2;2;2;
1960255;species or below;530;530;184;184;
2731360;null;24729;24729;3221;3221;
548681;null;66082;66082;10916;10916;
2282206;species or below;3847;3847;1597;1597;
85655;species or below;1344;1344;314;314;
389214;species or below;199;199;56;56;
3044698;genus;5944;5944;333;333;
150286;species or below;8113;8113;1930;1930;
317858;species or below;139327;139327;19638;19638;
317878;species or below;37371;37371;8001;8001;
180230;species or below;28113;28113;5343;5343;
320884;species or below;8;8;2;2;
10401;species or below;350518;350518;35542;35542;
508441;species or below;26;26;15;15;
261939;species or below;5;5;3;3;
1241371;species or below;53420;53420;17174;17174;
3044472;null;57696;57696;3554;3554;
10293;null;591;591;159;159;
10294;genus;2;2;6;6;
35243;species or below;577;577;153;153;
10295;species or below;23352;23352;5066;5066;
10317;species or below;19614;19614;5112;5112;
10298;species or below;1774;1774;830;830;
10310;species or below;2879;2879;341;341;
10325;species or below;19951;19951;6520;6520;
332937;species or below;307;307;89;89;
340907;species or below;726;726;203;203;
10353;species or below;1417;1417;473;473;
3118716;species or below;899;899;459;459;
10319;genus;7010;7010;301;301;
173566;species or below;11201;11201;1490;1490;
79889;species or below;1917;1917;451;451;
35244;species or below;1587;1587;203;203;
202910;species or below;53371;53371;14780;14780;
39944;species or below;307;307;82;82;
35246;species or below;16;16;3;3;
79891;species or below;489;489;147;147;
365327;species or below;244;244;94;94;
2115790;species or below;387;387;92;92;
80341;species or below;37;37;20;20;
10331;species or below;168;168;33;33;
10335;species or below;18000;18000;2260;2260;
1434720;species or below;58;58;21;21;
47418;species or below;178;178;46;46;
10345;species or below;450;450;166;166;
180252;genus;335;335;106;106;
93386;species or below;12308;12308;1889;1889;
10390;species or below;1242;1242;630;630;
35250;species or below;41427;41427;9229;9229;
37108;species or below;3693;3693;575;575;
10386;species or below;437;437;16;16;
50294;species or below;10;10;10;10;
2972693;species or below;229;229;124;124;
702736;species or below;6037;6037;2305;2305;
2560801;species or below;76;76;20;20;
10357;null;11806;11806;5154;5154;
10358;genus;4037;4037;773;773;
1919083;species or below;1457;1457;238;238;
50290;species or below;4862;4862;1627;1627;
50292;species or below;23896;23896;9152;9152;
1667587;species or below;1676;1676;417;417;
10359;species or below;4;4;2;2;
47929;species or below;6;6;1;1;
944969;species or below;10895;10895;4022;4022;
1654930;species or below;48;48;13;13;
2169863;species or below;396899;396899;144299;144299;
1535247;species or below;1318;1318;137;137;
10366;species or below;46;46;36;36;
79700;species or below;17961;17961;11398;11398;
1261657;species or below;10332;10332;3319;3319;
40272;genus;405;405;23;23;
1940555;species or below;40;40;5;5;
32603;species or below;2861;2861;724;724;
32604;species or below;2433;2433;483;483;
10372;species or below;35463;35463;4460;4460;
2560568;species or below;29940;29940;10236;10236;
1608255;species or below;224;224;82;82;
1329409;species or below;22;22;11;11;
548914;species or below;2313;2313;789;789;
146015;species or below;43478;43478;17401;17401;
33706;species or below;39005;39005;11031;11031;
10397;species or below;1977;1977;767;767;
10374;null;1923;1923;369;369;
10376;species or below;373;373;118;118;
2560569;species or below;3704;3704;1862;1862;
45455;species or below;84;84;6;6;
106332;species or below;99;99;24;24;
2341050;species or below;342;342;66;66;
85618;species or below;119;119;16;16;
10385;species or below;21;21;11;11;
37296;species or below;31;31;16;16;
111469;species or below;167;167;16;16;
10381;species or below;234;234;72;72;
2597325;species or below;7975;7975;5337;5337;
1780507;species or below;321;321;72;72;
2035399;species or below;7218;7218;3752;3752;
548687;genus;1140;1140;61;61;
35252;species or below;1234;1234;141;141;
138184;species or below;2765;2765;624;624;
1504288;species or below;492;492;187;187;
10398;species or below;5090;5090;664;664;
548688;genus;1;1;2;2;
12657;species or below;1783;1783;475;475;
10371;species or below;990;990;341;341;
2560468;species or below;1772;1772;451;451;
1419109;species or below;1368;1368;489;489;
2054179;species or below;102;102;35;35;
2022783;species or below;827;827;196;196;
2052651;species or below;10;10;8;8;
2731619;null;463754;463754;10016;10016;
1911928;null;8176;8176;874;874;
1914850;genus;325;325;63;63;
1162290;species or below;369;369;78;78;
1914852;genus;141;141;49;49;
1527519;species or below;2;2;2;2;
2678601;species or below;85;85;21;21;
2847815;species or below;3;3;2;2;
1907784;species or below;3;3;2;2;
2483610;species or below;10;10;3;3;
2053702;species or below;2;2;1;1;
3153284;genus;97;97;8;8;
2986396;species or below;1770;1770;517;517;
2942964;null;182;182;18;18;
2709317;species or below;420;420;157;157;
2942972;null;27;27;9;9;
2948652;genus;17;17;9;9;
2955582;species or below;29;29;11;11;
2986400;species or below;97;97;34;34;
2948680;genus;15;15;1;1;
2772065;species or below;38;38;13;13;
2948688;genus;48;48;9;9;
2772070;species or below;2;2;2;2;
2772067;species or below;5;5;5;5;
2986404;species or below;217;217;84;84;
2989854;species or below;62;62;41;41;
2942976;null;13;13;12;12;
2772068;species or below;20010;20010;968;968;
2772078;species or below;95;95;30;30;
2989853;species or below;510;510;66;66;
2942967;null;48;48;2;2;
2986405;species or below;175;175;129;129;
2772074;species or below;22;22;12;12;
2301731;species or below;54;54;34;34;
2772072;species or below;9;9;2;2;
2710495;species or below;11;11;6;6;
2986406;species or below;184;184;28;28;
2772076;species or below;65;65;48;48;
2772080;species or below;4;4;2;2;
2942975;null;18248;18248;635;635;
2986417;species or below;581;581;124;124;
2948643;genus;320;320;320;320;
2948645;genus;102;102;7;7;
2986418;species or below;101;101;98;98;
2772093;species or below;1477;1477;384;384;
1920526;species or below;24;24;24;24;
1981157;genus;90;90;13;13;
379329;species or below;35;35;2;2;
1792287;species or below;193;193;5;5;
936054;species or below;242;242;7;7;
1124655;species or below;71;71;3;3;
1982880;genus;364;364;7;7;
1674927;species or below;46;46;46;46;
2590946;species or below;12;12;12;12;
2059882;species or below;18923;18923;4192;4192;
2041209;species or below;5;5;3;3;
1982878;null;2;2;2;2;
1983735;genus;5;5;3;3;
2169611;genus;59;59;59;59;
1458711;species or below;7;7;1;1;
2169622;genus;17;17;1;1;
1262518;species or below;34;34;13;13;
1623280;genus;47;47;47;47;
2732613;null;3;3;3;3;
2788787;null;14939;14939;748;748;
12336;species or below;407;407;33;33;
12348;species or below;12;12;5;5;
12390;species or below;73;73;6;6;
12402;species or below;35215;35215;2041;2041;
35241;species or below;864;864;30;30;
35345;species or below;1838;1838;61;61;
43685;species or below;313;313;15;15;
59241;species or below;30;30;30;30;
103807;species or below;5;5;2;2;
114416;species or below;1068;1068;41;41;
139872;species or below;48;48;17;17;
148943;species or below;51;51;18;18;
151535;species or below;177;177;9;9;
157924;species or below;298047;298047;12958;12958;
190478;species or below;45;45;9;9;
198538;species or below;1152;1152;110;110;
198539;species or below;39;39;38;38;
198540;species or below;7;7;5;5;
198543;species or below;56;56;4;4;
230158;species or below;679;679;36;36;
279530;species or below;6;6;6;6;
331278;species or below;4;4;2;2;
413066;species or below;369;369;59;59;
423476;species or below;24;24;14;14;
573174;species or below;821;821;446;446;
683735;species or below;8257;8257;361;361;
753084;species or below;2;2;2;2;
764562;species or below;663;663;55;55;
906669;species or below;851;851;287;287;
936152;species or below;13;13;7;7;
1124654;species or below;2214;2214;39;39;
1127516;species or below;68;68;10;10;
1129145;species or below;191;191;69;69;
1147043;species or below;567;567;50;50;
1147152;species or below;13;13;1;1;
1161927;species or below;122;122;23;23;
1177632;species or below;12;12;12;12;
1220717;species or below;27;27;14;14;
1233488;species or below;70;70;11;11;
1239381;species or below;28;28;7;7;
1366055;species or below;1595;1595;148;148;
1407493;species or below;74;74;5;5;
1414739;species or below;14141;14141;2723;2723;
1458842;species or below;1053;1053;357;357;
1524882;species or below;73;73;10;10;
1527515;species or below;5;5;1;1;
1567014;species or below;27;27;6;6;
1572745;species or below;23;23;3;3;
1572750;species or below;25;25;24;24;
1589270;species or below;374;374;39;39;
1647476;species or below;4;4;2;2;
1732063;species or below;239;239;17;17;
1732064;species or below;35;35;8;8;
1747326;species or below;17;17;1;1;
1777052;species or below;11;11;9;9;
1815955;species or below;205;205;13;13;
1852629;species or below;2;2;2;2;
1868596;species or below;72;72;2;2;
1871678;species or below;19;19;2;2;
1871681;species or below;68;68;3;3;
1871687;species or below;774;774;26;26;
1871690;species or below;62;62;10;10;
2014434;species or below;458;458;25;25;
2025813;species or below;2;2;2;2;
2608368;species or below;8;8;4;4;
2969597;species or below;2345;2345;1141;1141;
2982918;species or below;834;834;100;100;
3068356;species or below;15;15;14;14;
2583039;species or below;7;7;3;3;
2842522;null;93;93;12;12;
1147042;species or below;6;6;2;2;
1623274;genus;4;4;4;4;
2842946;genus;2;2;2;2;
1610872;species or below;10;10;4;4;
2656529;species or below;3;3;2;2;
1610836;species or below;6;6;1;1;
1610837;species or below;61;61;31;31;
2592193;species or below;23;23;7;7;
330396;species or below;115;115;56;56;
2847109;species or below;28;28;15;15;
1262528;species or below;5;5;3;3;
2763102;species or below;120;120;83;83;
2719593;species or below;5;5;5;5;
680114;genus;36;36;8;8;
1327762;species or below;12;12;12;12;
2948833;genus;142;142;24;24;
546805;species or below;63;63;18;18;
2027899;species or below;1690;1690;859;859;
1897549;species or below;20;20;6;6;
2599868;species or below;6;6;5;5;
1623281;genus;17;17;5;5;
1698356;species or below;3;3;2;2;
1622193;species or below;11;11;6;6;
2733124;genus;4;4;1;1;
2946648;null;29;29;10;10;
2946797;genus;7;7;3;3;
2725626;species or below;2;2;2;2;
2927982;species or below;2;2;1;1;
1567471;species or below;3;3;2;2;
2948788;genus;3193;3193;111;111;
2653755;species or below;11;11;7;7;
2987730;species or below;56;56;32;32;
2999281;species or below;80;80;46;46;
1675029;species or below;14;14;14;14;
2483673;species or below;5;5;2;2;
2894788;species or below;359;359;99;99;
2500559;species or below;2;2;2;2;
2894786;species or below;31;31;31;31;
1675028;species or below;3;3;2;2;
2419619;species or below;135;135;46;46;
2920374;species or below;5750;5750;660;660;
3152215;null;1;1;3;3;
2849972;species or below;18536;18536;5736;5736;
2776813;species or below;1595;1595;472;472;
2973661;species or below;9;9;9;9;
1921544;genus;377;377;35;35;
3152221;null;67;67;1;1;
2772516;species or below;1322;1322;128;128;
3153002;genus;265;265;9;9;
3153003;genus;99;99;17;17;
2939132;species or below;621;621;614;614;
3420540;null;73;73;24;24;
1958965;species or below;4;4;4;4;
1932886;species or below;2;2;2;2;
2500826;species or below;4206;4206;1288;1288;
1983582;species or below;175;175;41;41;
1211386;species or below;625;625;226;226;
2489618;species or below;30;30;4;4;
2489627;species or below;155;155;128;128;
2489628;species or below;947;947;740;740;
1873958;species or below;2;2;1;1;
1933107;species or below;50;50;25;25;
110456;genus;9759;9759;301;301;
10760;species or below;37;37;19;19;
2005054;species or below;24;24;3;3;
532078;species or below;18242;18242;6127;6127;
3425732;null;30;30;1;1;
756277;species or below;2;2;2;2;
743578;species or below;29;29;29;29;
3420545;null;1252;1252;153;153;
2169529;null;5665;5665;638;638;
2169534;genus;7;7;2;2;
2678590;species or below;16;16;7;7;
1477406;species or below;1040;1040;330;330;
2301647;species or below;174;174;13;13;
2419930;species or below;4;4;3;3;
1978922;species or below;347;347;14;14;
2946160;null;16182;16182;628;628;
754037;species or below;202;202;104;104;
2023996;species or below;2;2;2;2;
2733117;genus;2;2;1;1;
754039;species or below;79;79;58;58;
555387;species or below;3;3;2;2;
444860;species or below;2;2;1;1;
2948904;genus;3455;3455;457;457;
1026955;species or below;30;30;11;11;
2783674;species or below;429;429;429;429;
2926475;species or below;32;32;6;6;
2783673;species or below;95;95;14;14;
2588487;species or below;2250;2250;2250;2250;
1198136;null;90;90;19;19;
10663;genus;36;36;15;15;
2502306;species or below;2958;2958;1063;1063;
2508180;species or below;8056;8056;3715;3715;
1863008;species or below;40;40;15;15;
1455074;species or below;4781;4781;2548;2548;
1913652;genus;399;399;107;107;
1913654;genus;294;294;150;150;
1965363;species or below;41;41;11;11;
2843399;genus;111;111;14;14;
2919552;species or below;2;2;2;2;
1198137;genus;40;40;22;22;
1913651;genus;3;3;3;3;
1985328;genus;6;6;2;2;
707757;species or below;13;13;4;4;
2686290;species or below;14;14;14;14;
2666257;species or below;4;4;2;2;
1049283;species or below;9;9;5;5;
1636250;species or below;7;7;4;4;
879630;species or below;34;34;12;12;
2053701;species or below;14;14;14;14;
1852628;species or below;81;81;76;76;
115992;species or below;8;8;5;5;
3424297;null;49346;49346;15688;15688;
2675235;species or below;47;47;9;9;
186764;genus;3;3;3;3;
2902891;species or below;3;3;3;3;
1071503;species or below;6;6;6;6;
186765;genus;14714;14714;301;301;
2681611;species or below;194;194;10;10;
482822;species or below;1911;1911;45;45;
186789;genus;489;489;15;15;
10682;species or below;7587;7587;140;140;
2886926;species or below;67;67;4;4;
1590550;species or below;111;111;7;7;
1815968;species or below;185;185;25;25;
186794;genus;31;31;1;1;
1090133;species or below;4;4;4;4;
1647458;species or below;1223;1223;31;31;
1934252;species or below;9;9;2;2;
1125653;species or below;12;12;3;3;
2908113;species or below;17;17;9;9;
1567475;species or below;3;3;2;2;
1623286;genus;2;2;2;2;
2283028;species or below;58;58;27;27;
673832;species or below;9;9;5;5;
673837;species or below;3;3;2;2;
1623305;genus;822;822;46;46;
665886;species or below;11;11;3;3;
1874585;species or below;5;5;2;2;
2029662;species or below;2;2;2;2;
2029666;species or below;8;8;2;2;
2029667;species or below;75;75;5;5;
2029672;species or below;19;19;3;3;
2029676;species or below;9;9;1;1;
2675246;species or below;5;5;2;2;
2675257;species or below;43;43;3;3;
1289467;species or below;4;4;1;1;
2026814;species or below;7;7;2;2;
2662296;species or below;16;16;2;2;
1636570;species or below;11;11;2;2;
1636587;species or below;63;63;6;6;
1965484;species or below;33;33;17;17;
1262535;species or below;12;12;2;2;
1262536;species or below;21;21;2;2;
1262538;species or below;2;2;1;1;
1623308;genus;71;71;11;11;
347962;species or below;1255;1255;189;189;
1983578;species or below;55;55;12;12;
345922;species or below;251;251;145;145;
1983581;species or below;155;155;69;69;
2767196;species or below;56;56;7;7;
1720323;genus;3;3;1;1;
2883944;species or below;34;34;10;10;
2886899;species or below;16;16;10;10;
889876;species or below;3;3;3;3;
1918522;genus;35;35;8;8;
756282;species or below;1061;1061;291;291;
1500386;species or below;4;4;4;4;
480808;species or below;6432;6432;789;789;
1982227;genus;33;33;1;1;
1589747;species or below;7564;7564;1212;1212;
1982251;genus;221;221;3;3;
1229788;species or below;4;4;2;2;
504501;species or below;11;11;2;2;
504553;species or below;3;3;2;2;
1500814;species or below;2;2;2;2;
1982557;genus;8260;8260;875;875;
1838061;species or below;8;8;1;1;
1772319;species or below;2;2;1;1;
1462608;species or below;55;55;16;16;
1897534;species or below;7;7;2;2;
2079285;species or below;9;9;9;9;
2560065;null;657534;657534;105856;105856;
2884427;species or below;26863;26863;8035;8035;
1918721;genus;19;19;7;7;
2560070;null;6947;6947;29;29;
1527469;species or below;8;8;2;2;
1910937;species or below;14;14;8;8;
1792245;species or below;335;335;209;209;
1805953;species or below;15;15;7;7;
1918010;genus;13;13;7;7;
1486660;species or below;67;67;13;13;
1406785;species or below;2;2;2;2;
207656;species or below;87;87;29;29;
1985181;genus;7832;7832;1660;1660;
1690456;species or below;186;186;14;14;
1796992;species or below;12923;12923;1085;1085;
2593638;species or below;22;22;1;1;
1540090;species or below;2962;2962;147;147;
1540091;species or below;21819;21819;1638;1638;
2560071;null;23;23;6;6;
2560160;genus;111;111;20;20;
1498168;species or below;25;25;15;15;
2696337;species or below;12;12;12;12;
2922318;species or below;87;87;1;1;
2922319;species or below;241;241;45;45;
2816459;species or below;17;17;15;15;
2732968;genus;790;790;202;202;
2922321;species or below;2;2;1;1;
2419745;species or below;48846;48846;4748;4748;
2315766;species or below;80;80;41;41;
2859564;species or below;4;4;2;2;
2765371;species or below;22;22;9;9;
2918650;species or below;5;5;2;2;
2951263;species or below;122;122;24;24;
1857843;genus;156;156;68;68;
292029;species or below;26;26;9;9;
1262512;species or below;183;183;76;76;
1610831;species or below;170;170;42;42;
1007127;species or below;61;61;18;18;
2908167;species or below;15;15;15;15;
1857890;species or below;17;17;17;17;
1980928;genus;3;3;2;2;
1340769;species or below;51;51;13;13;
1572704;species or below;377;377;216;216;
2732969;genus;21;21;17;17;
2079429;species or below;3;3;2;2;
2041210;species or below;9;9;9;9;
2510943;species or below;11;11;3;3;
857312;species or below;17611;17611;10668;10668;
1857844;genus;189;189;81;81;
2908169;species or below;60;60;34;34;
2908172;species or below;24241;24241;14733;14733;
1168744;species or below;72;72;18;18;
1173764;species or below;1006;1006;386;386;
2560094;genus;2274;2274;11;11;
1555202;species or below;666;666;58;58;
1273738;species or below;5678;5678;674;674;
2010329;species or below;18;18;8;8;
1815630;species or below;43;43;8;8;
1962671;species or below;128;128;44;44;
2052742;species or below;57;57;11;11;
1537091;species or below;25;25;8;8;
1969841;species or below;821205;821205;42186;42186;
2079583;species or below;30;30;11;11;
1141136;species or below;226;226;94;94;
446529;species or below;449;449;92;92;
2024264;species or below;6;6;6;6;
2024284;species or below;38;38;38;38;
2041354;species or below;2;2;2;2;
2842409;null;1;1;5;5;
2732960;genus;4;4;2;2;
2593331;species or below;629;629;227;227;
2875839;species or below;2;2;2;2;
2961702;species or below;7478;7478;2210;2210;
2909742;species or below;7;7;5;5;
2910155;species or below;4;4;2;2;
2721760;species or below;14124;14124;4343;4343;
2783547;species or below;258;258;57;57;
2732012;null;28;28;1;1;
1150989;species or below;281;281;6;6;
2948922;genus;29;29;3;3;
2852003;species or below;178;178;99;99;
2732017;genus;39;39;31;31;
2231345;species or below;38;38;25;25;
2480623;species or below;14;14;14;14;
2713297;species or below;2379;2379;867;867;
2713317;species or below;9;9;9;9;
2912287;species or below;534;534;320;320;
3025422;species or below;16;16;4;4;
2713311;species or below;1461;1461;325;325;
2713318;species or below;3489;3489;1210;1210;
2588125;species or below;6;6;5;5;
2575327;species or below;35;35;16;16;
2713322;species or below;356;356;169;169;
2591369;species or below;498;498;164;164;
2994041;species or below;55;55;6;6;
1933412;species or below;87;87;30;30;
1048207;species or below;16;16;2;2;
2733088;genus;144;144;8;8;
2869544;species or below;1099;1099;232;232;
2869545;species or below;29;29;10;10;
2869549;species or below;547;547;92;92;
2869553;species or below;680;680;172;172;
1137745;species or below;11;11;9;9;
1335230;species or below;6;6;2;2;
2562175;species or below;9;9;5;5;
2575328;species or below;195;195;37;37;
2029657;species or below;1677;1677;816;816;
2733128;genus;753;753;139;139;
2283031;species or below;50;50;17;17;
2500795;species or below;2;2;2;2;
2283286;species or below;5;5;5;5;
765765;species or below;252;252;102;102;
2733178;genus;4;4;1;1;
2182360;species or below;7;7;2;2;
1838074;species or below;103;103;18;18;
2530116;species or below;222;222;16;16;
2315716;species or below;31;31;12;12;
2713262;species or below;2;2;2;2;
2842711;genus;27;27;14;14;
2732588;null;325;325;23;23;
680287;genus;24;24;1;1;
2108359;species or below;10;10;1;1;
1913581;species or below;112;112;9;9;
1958907;species or below;10894;10894;7329;7329;
1874002;species or below;19206;19206;6415;6415;
2842725;genus;2;2;2;2;
2500810;species or below;14;14;14;14;
2099850;species or below;96;96;19;19;
2169643;genus;16;16;15;15;
1540097;species or below;17;17;4;4;
1881383;species or below;1099;1099;317;317;
2842653;genus;7;7;1;1;
2591043;species or below;7;7;7;7;
1563661;species or below;384;384;135;135;
2842972;genus;92;92;3;3;
2843161;genus;3;3;2;2;
1622115;species or below;92;92;18;18;
3044697;genus;4;4;1;1;
2877946;species or below;48;48;48;48;
2484218;species or below;3;3;2;2;
2843351;genus;55;55;2;2;
881953;species or below;2;2;1;1;
1965467;species or below;2;2;1;1;
1965472;species or below;48;48;29;29;
2662295;species or below;3;3;2;2;
1560313;species or below;336;336;216;216;
1412875;species or below;49;49;16;16;
2847059;species or below;62;62;3;3;
1913591;species or below;3;3;2;2;
2913972;species or below;2;2;2;2;
2843368;genus;35;35;18;18;
1913446;species or below;3;3;2;2;
2491321;species or below;7;7;4;4;
2079417;species or below;60;60;31;31;
2884420;species or below;36;36;19;19;
2880361;species or below;630801;630801;32108;32108;
475178;species or below;23;23;4;4;
2847058;species or below;514;514;24;24;
45764;species or below;7;7;7;7;
1759525;species or below;111;111;57;57;
2847060;species or below;837;837;651;651;
1913112;species or below;12;12;3;3;
2015834;species or below;29;29;15;15;
2599828;species or below;280;280;53;53;
1486469;species or below;63;63;54;54;
1880590;species or below;195;195;40;40;
2723758;species or below;977;977;344;344;
2530024;species or below;10892;10892;687;687;
2843416;genus;1;1;2;2;
1582151;species or below;37;37;21;21;
1032362;species or below;1801;1801;518;518;
2070028;species or below;6207;6207;764;764;
2587809;species or below;65755;65755;56079;56079;
2843420;genus;22;22;1;1;
196242;species or below;537;537;14;14;
1147722;species or below;108;108;5;5;
2843421;genus;2058;2058;197;197;
2650877;species or below;7960;7960;977;977;
2591403;species or below;2271;2271;582;582;
2656526;species or below;4;4;4;4;
2704031;species or below;2;2;2;2;
564886;species or below;354;354;9;9;
563769;species or below;241;241;8;8;
2588520;species or below;2;2;2;2;
382685;species or below;96;96;27;27;
2847061;species or below;189;189;8;8;
2843445;genus;10;10;3;3;
2843449;genus;135;135;4;4;
31754;species or below;330;330;14;14;
2852760;genus;147;147;1;1;
151536;species or below;146;146;11;11;
151537;species or below;2168;2168;64;64;
201847;species or below;191;191;19;19;
2530033;species or below;18;18;3;3;
1226260;species or below;733;733;14;14;
2843452;genus;11;11;2;2;
912321;species or below;20;20;11;11;
2843458;genus;585;585;115;115;
1432847;species or below;3;3;3;3;
10683;species or below;33;33;33;33;
641487;species or below;63;63;32;32;
2488571;species or below;44;44;10;10;
2843470;genus;186;186;28;28;
1868848;species or below;86;86;3;3;
2662293;species or below;71;71;3;3;
254253;species or below;410;410;23;23;
2596672;species or below;4987;4987;1940;1940;
2796514;species or below;14;14;4;4;
2776735;species or below;9;9;2;2;
2948610;species or below;4;4;2;2;
1916125;species or below;2;2;2;2;
2725614;species or below;3;3;3;3;
2946167;null;5684;5684;373;373;
1196844;genus;99849;99849;4113;4113;
2992577;species or below;9568;9568;403;403;
2932882;species or below;6052;6052;289;289;
2681596;species or below;98;98;84;84;
2732974;genus;3;3;1;1;
2985286;species or below;2;2;2;2;
929814;species or below;2;2;1;1;
2911430;species or below;560;560;69;69;
3017169;species or below;400;400;69;69;
1754217;species or below;93;93;33;33;
2733083;genus;92;92;20;20;
2716354;species or below;68;68;2;2;
2510480;species or below;11;11;6;6;
2695847;species or below;7003;7003;4863;4863;
2716352;species or below;1322;1322;31;31;
2948876;genus;25;25;9;9;
2759177;species or below;11113;11113;7765;7765;
2716351;species or below;904;904;26;26;
3044707;genus;188;188;188;188;
2914028;species or below;5;5;3;3;
2946085;species or below;1413;1413;35;35;
1983744;genus;228;228;47;47;
1983750;species or below;9;9;3;3;
1088864;species or below;10;10;2;2;
1325953;species or below;2;2;1;1;
2762283;species or below;6;6;4;4;
1623278;genus;99;99;27;27;
2015844;species or below;3;3;3;3;
2315610;species or below;8;8;7;7;
2315529;species or below;130;130;90;90;
2041515;species or below;4;4;2;2;
2560111;genus;104;104;49;49;
2047868;species or below;1138;1138;474;474;
2047869;species or below;9;9;3;3;
2047871;species or below;11;11;11;11;
384848;species or below;307;307;160;160;
2565502;species or below;21;21;2;2;
2723900;species or below;5;5;5;5;
2801477;species or below;98;98;22;22;
2743994;species or below;2;2;1;1;
2250309;species or below;22;22;21;21;
2517967;species or below;15;15;5;5;
2704033;species or below;64;64;8;8;
2077150;species or below;3;3;2;2;
2948936;genus;19;19;10;10;
3044455;null;49158;49158;3547;3547;
1623303;genus;544;544;216;216;
2681626;species or below;42;42;2;2;
2908019;species or below;3;3;3;3;
1392231;species or below;146409;146409;8073;8073;
2365016;species or below;10;10;4;4;
2365027;species or below;9;9;2;2;
1971427;species or below;5;5;3;3;
1971437;species or below;607;607;37;37;
2419633;species or below;3;3;3;3;
2419635;species or below;24;24;2;2;
2419638;species or below;1455;1455;695;695;
2184051;species or below;1419;1419;163;163;
1623304;genus;4756;4756;813;813;
2905688;species or below;3;3;2;2;
2919544;species or below;66;66;23;23;
2365021;species or below;79;79;54;54;
2365036;species or below;39937;39937;1187;1187;
2365039;species or below;4;4;3;3;
2365047;species or below;21;21;5;5;
2365058;species or below;4;4;2;2;
1718281;species or below;1460;1460;646;646;
1971416;species or below;601;601;312;312;
1971418;species or below;7;7;2;2;
1971425;species or below;7;7;7;7;
1971430;species or below;2802;2802;373;373;
1971432;species or below;32;32;32;32;
1971449;species or below;32;32;1;1;
2419630;species or below;455;455;149;149;
2419649;species or below;784;784;190;190;
2419655;species or below;121;121;39;39;
2419663;species or below;5;5;3;3;
3044850;genus;12;12;4;4;
646413;species or below;245;245;116;116;
2492468;species or below;8;8;5;5;
1971411;species or below;1329;1329;66;66;
2419639;species or below;81;81;19;19;
3094845;null;3;3;2;2;
173707;species or below;347;347;103;103;
537874;species or below;6876;6876;528;528;
1051631;species or below;150;150;48;48;
1647391;species or below;53;53;31;31;
2163605;species or below;103;103;50;50;
2843411;genus;3;3;2;2;
2843440;genus;37;37;4;4;
2723773;species or below;36;36;7;7;
103371;species or below;240;240;100;100;
3044479;null;42;42;10;10;
2283267;species or below;65;65;14;14;
3044647;null;113;113;86;86;
3044714;genus;3;3;3;3;
2767565;species or below;5;5;3;3;
2848887;species or below;19;19;3;3;
3044854;genus;127;127;48;48;
3070170;species or below;15;15;1;1;
2740427;species or below;858;858;114;114;
3044673;genus;2;2;1;1;
2652883;species or below;2;2;2;2;
2871538;species or below;8;8;8;8;
3044709;genus;3;3;3;3;
1647283;species or below;603;603;161;161;
1279082;species or below;14802;14802;1494;1494;
2767577;species or below;52;52;11;11;
2686235;species or below;34;34;12;12;
3044785;genus;64548;64548;3082;3082;
1701830;species or below;2945;2945;361;361;
1267169;species or below;1431;1431;118;118;
1916154;species or below;3;3;2;2;
1916178;species or below;1632;1632;90;90;
1916186;species or below;615;615;55;55;
1916192;species or below;288;288;39;39;
1916201;species or below;204;204;33;33;
1916202;species or below;1929;1929;238;238;
120574;species or below;69;69;27;27;
1897555;species or below;1409;1409;92;92;
1131315;species or below;44;44;12;12;
3044792;genus;442;442;11;11;
1913081;species or below;109;109;11;11;
1913082;species or below;128;128;11;11;
1814960;species or below;1413;1413;75;75;
2603260;species or below;7;7;2;2;
2282409;species or below;176;176;33;33;
2836091;species or below;2;2;2;2;
2653271;species or below;97;97;1;1;
2866695;species or below;4;4;2;2;
1701850;species or below;3;3;2;2;
3152113;null;3540;3540;1324;1324;
680115;genus;218;218;18;18;
2905945;species or below;3;3;2;2;
1090134;species or below;624;624;133;133;
1984776;genus;789;789;788;788;
1429768;species or below;15;15;14;14;
1815989;species or below;7;7;7;7;
2060127;species or below;21;21;5;5;
1883370;species or below;7;7;3;3;
1029988;species or below;5145;5145;921;921;
2006684;species or below;6974;6974;1849;1849;
1124849;species or below;4;4;3;3;
2734153;species or below;116;116;21;21;
2863194;species or below;15;15;3;3;
2908744;species or below;268;268;135;135;
3044751;genus;1732;1732;32;32;
2591025;species or below;4584;4584;409;409;
2801834;species or below;313;313;40;40;
2767581;species or below;272;272;59;59;
2530023;species or below;25;25;13;13;
3432268;species or below;2777;2777;305;305;
10747;species or below;35;35;13;13;
10748;species or below;26;26;8;8;
2834256;species or below;197;197;23;23;
1458852;species or below;64;64;27;27;
2599890;species or below;13;13;7;7;
2885983;species or below;62;62;53;53;
3152626;genus;10;10;4;4;
2777363;species or below;18;18;2;2;
2859528;species or below;18;18;18;18;
2483661;species or below;16;16;5;5;
2926099;species or below;8;8;8;8;
1555238;species or below;2;2;1;1;
1857100;species or below;10;10;10;10;
1675603;species or below;336;336;111;111;
2488780;species or below;10;10;4;4;
2201444;species or below;291;291;66;66;
1636617;genus;17;17;1;1;
2994044;species or below;149;149;136;136;
2881391;species or below;532;532;92;92;
2920889;species or below;1478;1478;668;668;
2880537;species or below;3;3;3;3;
2992928;species or below;96;96;29;29;
3424654;null;11;11;2;2;
2283270;species or below;650;650;267;267;
2733153;genus;110;110;56;56;
2927986;species or below;8;8;4;4;
2845816;species or below;4;4;4;4;
1542090;species or below;51;51;15;15;
2831178;species or below;3;3;2;2;
1929963;species or below;3995;3995;1505;1505;
2591120;species or below;2;2;2;2;
1777069;species or below;248;248;135;135;
1921407;genus;28;28;7;7;
3003719;species or below;29;29;29;29;
2843412;genus;24;24;12;12;
3424863;null;96690;96690;4177;4177;
3424908;genus;57827;57827;2586;2586;
1701811;species or below;4988;4988;447;447;
1701812;species or below;12372;12372;846;846;
1701826;species or below;8614;8614;548;548;
1701827;species or below;733;733;52;52;
1448273;species or below;2467;2467;239;239;
1448276;species or below;4169;4169;384;384;
1448274;species or below;5210;5210;332;332;
1701837;species or below;5081;5081;375;375;
3424910;genus;5362;5362;376;376;
1701813;species or below;10264;10264;774;774;
1701824;species or below;4448;4448;546;546;
1701828;species or below;25786;25786;1181;1181;
3424864;null;416355;416355;4757;4757;
3424927;genus;233408;233408;2811;2811;
1701842;species or below;234387;234387;11565;11565;
1566990;species or below;321231;321231;15371;15371;
1701814;species or below;411624;411624;15772;15772;
644007;species or below;599405;599405;26012;26012;
2865805;species or below;24259;24259;6823;6823;
10860;null;29;29;1;1;
1977402;species or below;2084;2084;91;91;
10868;species or below;60;60;3;3;
3071317;species or below;19;19;9;9;
1977144;genus;4;4;2;2;
189836;species or below;9;9;2;2;
1544364;species or below;93;93;93;93;
2219135;species or below;2;2;2;2;
1910950;null;11719563;11719563;24954;24954;
1910951;genus;1936;1936;40;40;
2507234;species or below;1288;1288;4;4;
338105;species or below;214;214;1;1;
338106;species or below;261;261;3;3;
338110;species or below;1457;1457;24;24;
338107;species or below;285;285;23;23;
10849;species or below;92;92;9;9;
10845;species or below;715;715;6;6;
1910952;genus;1207;1207;4;4;
338108;species or below;96;96;1;1;
511969;species or below;1055;1055;21;21;
10843;species or below;4170;4170;124;124;
384642;species or below;2670;2670;74;74;
2886930;species or below;693076551;693076551;10907019;10907019;
2732092;null;1;1;377;377;
1891718;species or below;7;7;2;2;
493803;species or below;143;143;3;3;
2170408;species or below;7;7;5;5;
2758131;species or below;14;14;3;3;
1590650;species or below;97;97;51;51;
1572341;species or below;20396;20396;3625;3625;
2025338;species or below;99;99;34;34;
2077304;species or below;17;17;9;9;
2077307;species or below;89;89;31;31;
10617;species or below;37;37;21;21;
1420545;species or below;6;6;2;2;
82676;species or below;2;2;2;2;
35258;species or below;31;31;22;22;
333767;species or below;8;8;8;8;
10585;species or below;26;26;14;14;
333760;species or below;88;88;52;52;
333764;species or below;11;11;11;11;
120686;species or below;29720;29720;9258;9258;
10621;species or below;1322;1322;256;256;
333923;species or below;27;27;14;14;
889813;species or below;741;741;191;191;
915424;species or below;4;4;2;2;
1398507;species or below;88;88;24;24;
936059;species or below;136;136;61;61;
461322;species or below;86;86;59;59;
2016454;species or below;543;543;168;168;
2016455;species or below;461;461;111;111;
1912759;species or below;50;50;21;21;
28314;species or below;112;112;31;31;
74581;species or below;107;107;45;45;
2849623;species or below;11457;11457;3267;3267;
2759403;species or below;160;160;38;38;
2732416;null;1;1;7;7;
3052703;species or below;213;213;112;112;
2202647;species or below;7;7;5;5;
2914482;species or below;4;4;2;2;
1329650;species or below;6336;6336;2426;2426;
2003309;species or below;2779;2779;751;751;
2922909;species or below;7526;7526;1956;1956;
2057942;species or below;1201;1201;434;434;
1379695;species or below;6;6;1;1;
2929248;species or below;10;10;5;5;
2714165;species or below;23521;23521;4247;4247;
1954248;species or below;31;31;27;27;
1685766;species or below;27;27;5;5;
1788448;species or below;25;25;3;3;
1685735;species or below;252;252;143;143;
1671380;species or below;228;228;86;86;
1910928;null;1;1;3;3;
2202565;species or below;2322;2322;269;269;
2576222;species or below;18;18;17;17;
1588764;species or below;1022;1022;399;399;
1634488;species or below;79;79;35;35;
2004966;species or below;196;196;4;4;
2582942;species or below;1789;1789;258;258;
2584398;species or below;1816;1816;226;226;
2576460;species or below;4;4;2;2;
2582937;species or below;528;528;56;56;
1985415;species or below;77;77;1;1;
1788442;species or below;14;14;13;13;
687329;null;16;16;1;1;
1163715;species or below;5;5;2;2;
2016460;species or below;29;29;15;15;
687331;genus;9;9;1;1;
687358;species or below;3;3;1;1;
687366;species or below;2;2;2;2;
687333;genus;1061;1061;176;176;
687379;species or below;19;19;14;14;
2065051;species or below;107;107;73;73;
2065052;species or below;176;176;81;81;
2065055;species or below;220;220;103;103;
687380;species or below;132;132;57;57;
2065046;species or below;36667;36667;23487;23487;
2065048;species or below;2;2;1;1;
2065050;species or below;948;948;237;237;
1239832;species or below;2;2;2;2;
687385;species or below;2;2;2;2;
2025480;species or below;2;2;2;2;
2732005;null;881;881;204;204;
2732007;null;3140;3140;1189;1189;
2732523;null;6176;6176;1148;1148;
10501;null;90602;90602;3172;3172;
181083;genus;3062;3062;1112;1112;
411359;species or below;155;155;27;27;
380598;species or below;6;6;3;3;
1917232;species or below;573;573;182;182;
46021;species or below;155;155;77;77;
381899;species or below;89;89;6;6;
42683;species or below;363;363;77;77;
399781;species or below;182;182;27;27;
83442;species or below;1654;1654;591;591;
10506;species or below;757;757;274;274;
880158;genus;14;14;14;14;
642926;species or below;29;29;14;14;
755272;species or below;63;63;26;26;
880161;species or below;50;50;11;11;
880159;species or below;531;531;180;180;
1586715;species or below;54;54;22;22;
1663208;species or below;7635;7635;964;964;
2079134;species or below;4;4;2;2;
373996;species or below;30;30;2;2;
1785753;species or below;11;11;5;5;
231992;species or below;82;82;36;36;
37665;species or below;5917;5917;1643;1643;
358403;genus;8;8;1;1;
251749;species or below;27152;27152;7388;7388;
2565304;species or below;24246;24246;9318;9318;
181082;species or below;6096;6096;1269;1269;
455364;species or below;4505;4505;1281;1281;
97195;species or below;78365;78365;32411;32411;
2732554;null;31;31;79;79;
549779;null;20670;20670;2069;2069;
1586712;species or below;564;564;243;243;
3060017;species or below;1145;1145;294;294;
2024608;species or below;40744;40744;16783;16783;
693272;species or below;2701;2701;1248;1248;
3044648;null;3187;3187;603;603;
315393;genus;151;151;59;59;
1128151;species or below;47;47;12;12;
212035;species or below;142;142;100;100;
2094720;genus;4;4;3;3;
2126984;species or below;4328;4328;1346;1346;
2126985;species or below;369;369;175;175;
2811091;species or below;381;381;176;176;
3044761;genus;3663;3663;738;738;
2496520;species or below;6062;6062;2271;2271;
1094892;species or below;6733;6733;2115;2115;
1842663;species or below;8540;8540;2782;2782;
3080801;genus;1516;1516;49;49;
1269028;species or below;14971;14971;4414;4414;
2109587;species or below;1683;1683;879;879;
1247379;species or below;4644;4644;1679;1679;
2060617;species or below;29610;29610;9115;9115;
1499987;species or below;32498;32498;10214;10214;
1474867;species or below;4496;4496;1646;1646;
3421322;null;1;1;12;12;
10492;genus;341;341;124;124;
10493;species or below;929;929;393;393;
1887314;species or below;18;18;7;7;
540070;species or below;5421;5421;2280;2280;
100217;species or below;200;200;71;71;
256729;species or below;9859;9859;3165;3165;
72201;species or below;306;306;50;50;
176652;species or below;168;168;46;46;
345198;species or below;2648;2648;490;490;
345585;species or below;156;156;80;80;
43680;genus;1;1;4;4;
328615;species or below;2059;2059;624;624;
113370;species or below;2059;2059;672;672;
3444724;species or below;68;68;19;19;
328614;species or below;592;592;92;92;
1246651;species or below;42;42;15;15;
1903266;species or below;231;231;54;54;
1450746;species or below;10;10;10;10;
2023057;species or below;8187;8187;2477;2477;
10497;species or below;11;11;8;8;
10240;null;1;1;20;20;
10241;null;678;678;297;297;
10242;genus;3601;3601;195;195;
2200830;species or below;9064;9064;2729;2729;
2478919;species or below;239;239;165;165;
28873;species or below;390;390;72;72;
10243;species or below;175;175;78;78;
12643;species or below;698;698;326;326;
10244;species or below;2929;2929;976;976;
10256;species or below;73;73;33;33;
160796;species or below;37;37;9;9;
28871;species or below;50040;50040;4372;4372;
10255;species or below;500;500;201;201;
28874;species or below;234;234;96;96;
129726;species or below;4738;4738;596;596;
1579460;species or below;95;95;37;37;
10260;genus;551;551;279;279;
2059380;species or below;2223;2223;574;574;
44088;species or below;509;509;143;143;
10261;species or below;13;13;13;13;
648998;species or below;654;654;238;238;
10264;species or below;367;367;82;82;
10265;genus;2;2;2;2;
376849;species or below;5;5;2;2;
10266;species or below;39;39;21;21;
10271;species or below;205;205;128;128;
10276;species or below;1751;1751;125;125;
10280;species or below;18781;18781;6472;6472;
132475;species or below;28526;28526;2124;2124;
38804;species or below;1169;1169;506;506;
2029293;species or below;851661;851661;86387;86387;
305674;species or below;45;45;32;32;
2025359;species or below;23;23;10;10;
1076255;species or below;274;274;126;126;
1566307;species or below;19;19;10;10;
67082;species or below;19172905;19172905;3458248;3458248;
930275;species or below;62;62;42;42;
1873698;species or below;24;24;3;3;
1680908;species or below;17;17;5;5;
1329402;species or below;32;32;16;16;
10286;genus;79;79;70;70;
28321;species or below;2433;2433;696;696;
1293540;species or below;27;27;23;23;
10288;species or below;305;305;163;163;
1293539;species or below;567;567;222;222;
1293572;species or below;14;14;5;5;
2259792;species or below;292;292;49;49;
62099;species or below;1040;1040;356;356;
83191;species or below;60;60;37;37;
109981;species or below;12;12;8;8;
2739681;species or below;57;57;37;37;
10533;species or below;88;88;14;14;
1714377;species or below;12;12;12;12;
943083;species or below;8;8;3;3;
1560346;species or below;179;179;38;38;
2773314;species or below;6;6;6;6;
38420;species or below;9;9;4;4;
10552;genus;261;261;4;4;
1520006;species or below;6;6;2;2;
764030;species or below;18649;18649;2805;2805;
190064;species or below;321;321;88;88;
190065;species or below;103;103;49;49;
172862;species or below;5292;5292;1554;1554;
172861;species or below;70;70;18;18;
190061;species or below;117;117;46;46;
2729647;species or below;73;73;25;25;
1557033;species or below;542;542;60;60;
1932931;species or below;24;24;22;22;
543939;species or below;8;8;2;2;
512792;species or below;54;54;12;12;
176106;species or below;7;7;4;4;
3403061;null;373411;373411;34369;34369;
315953;species or below;51;51;30;30;
650121;species or below;4;4;2;2;
1112202;species or below;121;121;70;70;
1293961;species or below;4;4;2;2;
1705092;species or below;11;11;5;5;
1819678;species or below;636;636;143;143;
915293;species or below;175;175;148;148;
1911908;species or below;12;12;1;1;
713089;species or below;2;2;2;2;
2601256;species or below;2;2;2;2;
190729;genus;5;5;2;2;
447606;species or below;2;2;2;2;
1476485;species or below;23;23;17;17;
1234171;species or below;29;29;17;17;
1507984;species or below;10;10;10;10;
411248;species or below;3;3;2;2;
304222;species or below;4;4;2;2;
1428189;species or below;2;2;2;2;
2010326;species or below;5;5;3;3;
2010327;species or below;85;85;33;33;
662596;species or below;3;3;2;2;
447604;species or below;17;17;15;15;
1993643;species or below;218;218;87;87;
2508184;species or below;80;80;22;22;
2840056;null;162;162;74;74;
342409;species or below;4432;4432;879;879;
92652;species or below;4029;4029;1613;1613;
2840070;null;4011;4011;2242;2242;
10442;null;1402;1402;594;594;
558016;genus;9616;9616;2646;2646;
745176;genus;144;144;40;40;
10454;species or below;2334;2334;979;979;
38012;species or below;1371;1371;450;450;
307461;species or below;14657;14657;5382;5382;
307466;species or below;161932;161932;21151;21151;
447897;species or below;5950;5950;2355;2355;
542343;species or below;34;34;18;18;
2594175;species or below;1888;1888;702;702;
224399;species or below;25;25;14;14;
208013;species or below;6074;6074;1989;1989;
1962501;species or below;9467;9467;3208;3208;
1580580;species or below;11423;11423;3497;3497;
161494;species or below;42;42;13;13;
268591;species or below;11;11;2;2;
46015;species or below;8521;8521;231;231;
271108;species or below;190;190;85;85;
74320;species or below;4163;4163;454;454;
1850906;species or below;297;297;35;35;
74660;species or below;65;65;1;1;
208973;species or below;91;91;56;56;
1987479;species or below;5;5;2;2;
58094;species or below;335;335;107;107;
320432;species or below;2971;2971;1246;1246;
1307957;species or below;1017;1017;189;189;
1906244;species or below;7326;7326;2536;2536;
59376;species or below;4;4;2;2;
307467;species or below;53;53;26;26;
51313;species or below;895;895;371;371;
148363;species or below;10;10;4;4;
28288;species or below;1728;1728;931;931;
1070315;species or below;5;5;3;3;
1307956;species or below;36;36;15;15;
10449;species or below;59;59;30;30;
78219;species or below;2793;2793;891;891;
207830;species or below;1823;1823;426;426;
1307954;species or below;17189;17189;5820;5820;
490711;species or below;3213;3213;988;988;
262177;species or below;1109;1109;457;457;
10455;species or below;131;131;68;68;
10456;species or below;46199;46199;18498;18498;
46242;species or below;25268;25268;9657;9657;
101850;species or below;10;10;9;9;
1207438;species or below;21;21;13;13;
1592335;species or below;29;29;14;14;
1592576;species or below;18;18;1;1;
1367203;species or below;6684;6684;1893;1893;
134394;species or below;741;741;202;202;
166921;species or below;482;482;346;346;
1675865;species or below;2979;2979;1055;1055;
2933796;species or below;2426;2426;699;699;
80366;species or below;34;34;15;15;
2863583;species or below;9754;9754;2966;2966;
2083176;species or below;327;327;154;154;
2315721;species or below;21041;21041;3774;3774;
558017;genus;4;4;2;2;
362830;species or below;16;16;16;16;
170617;species or below;2;2;2;2;
1750712;species or below;2625;2625;1356;1356;
35254;species or below;1417;1417;747;747;
28289;species or below;42;42;14;14;
1675862;species or below;1894;1894;643;643;
166056;species or below;1058;1058;275;275;
307444;species or below;501;501;142;142;
2072024;species or below;3;3;1;1;
98383;species or below;66;66;27;27;
307454;species or below;877;877;292;292;
359919;species or below;261;261;88;88;
51677;species or below;249;249;111;111;
3051996;species or below;2563;2563;796;796;
56947;species or below;7855;7855;3976;3976;
36355;species or below;106;106;47;47;
249151;species or below;6;6;1;1;
130556;species or below;4930;4930;2179;2179;
379529;species or below;12020;12020;3147;3147;
523909;species or below;63;63;32;32;
1511853;genus;23386;23386;1747;1747;
2057187;species or below;4763;4763;1528;1528;
432587;species or below;2927;2927;1030;1030;
92521;species or below;5195;5195;1371;1371;
2053981;species or below;195;195;91;91;
1654582;species or below;39001;39001;13279;13279;
2486603;species or below;20439;20439;6786;6786;
2072209;species or below;60240;60240;14959;14959;
29250;species or below;95;95;44;44;
1128424;species or below;229;229;97;97;
1546257;species or below;319;319;102;102;
1529056;species or below;6621;6621;742;742;
2880838;species or below;215;215;64;64;
552509;species or below;3376;3376;1537;1537;
2946196;null;76282;76282;13495;13495;
2946836;genus;6626;6626;2630;2630;
39640;species or below;403962;403962;77223;77223;
53988;species or below;43;43;21;21;
116759;species or below;40676;40676;5614;5614;
257816;species or below;774;774;269;269;
2083300;species or below;171449;171449;54932;54932;
2169782;species or below;540;540;191;191;
2948762;genus;32253;32253;5086;5086;
10484;species or below;28923;28923;6691;6691;
265522;species or below;210338;210338;41991;41991;
419435;species or below;94243;94243;30742;30742;
2986514;species or below;44;44;2;2;
3071307;species or below;11;11;11;11;
1714273;species or below;256;256;83;83;
2919548;species or below;8621;8621;2656;2656;
